customer_id,first_name,last_name,email,active,create_date,store_id,total_payments,total_revenue,average_payment,last_payment_date
148,Eleanor,Hunt,eleanor.hunt@sakilacustomer.org,1,2006-02-14,1,45,211.55,4.7011111111111115,2007-04-30 23:37:32.996577
526,Karl,Seal,karl.seal@sakilacustomer.org,1,2006-02-14,2,42,208.58,4.9661904761904765,2007-04-30 23:07:21.996577
178,Marion,Snyder,marion.snyder@sakilacustomer.org,1,2006-02-14,2,39,194.61,4.99,2007-05-14 13:44:29.996577
137,Rhonda,Kennedy,rhonda.kennedy@sakilacustomer.org,1,2006-02-14,2,38,191.62,5.042631578947368,2007-04-30 22:08:37.996577
144,Clara,Shaw,clara.shaw@sakilacustomer.org,1,2006-02-14,1,40,189.6,4.74,2007-04-30 10:10:36.996577
459,Tommy,Collazo,tommy.collazo@sakilacustomer.org,1,2006-02-14,1,37,183.63,4.962972972972973,2007-04-30 19:42:57.996577
181,Ana,Bradley,ana.bradley@sakilacustomer.org,1,2006-02-14,2,33,167.67,5.080909090909091,2007-05-14 13:44:29.996577
410,Curtis,Irby,curtis.irby@sakilacustomer.org,1,2006-02-14,2,38,167.62,4.411052631578947,2007-05-14 13:44:29.996577
236,Marcia,Dean,marcia.dean@sakilacustomer.org,1,2006-02-14,1,39,166.61,4.272051282051282,2007-05-14 13:44:29.996577
403,Mike,Way,mike.way@sakilacustomer.org,1,2006-02-14,1,33,162.67,4.92939393939394,2007-04-30 22:04:08.996577
522,Arnold,Havens,arnold.havens@sakilacustomer.org,1,2006-02-14,2,32,161.68,5.0525,2007-04-30 23:51:41.996577
469,Wesley,Bull,wesley.bull@sakilacustomer.org,1,2006-02-14,2,35,158.65,4.532857142857143,2007-04-30 18:27:08.996577
470,Gordon,Allard,gordon.allard@sakilacustomer.org,1,2006-02-14,1,31,157.69,5.086774193548387,2007-04-30 19:37:07.996577
373,Louis,Leone,louis.leone@sakilacustomer.org,1,2006-02-14,1,34,156.66,4.607647058823529,2007-05-14 13:44:29.996577
259,Lena,Jensen,lena.jensen@sakilacustomer.org,1,2006-02-14,2,30,154.7,5.156666666666666,2007-04-30 20:17:10.996577
468,Tim,Cary,tim.cary@sakilacustomer.org,1,2006-02-14,1,34,154.66,4.548823529411765,2007-04-30 05:34:55.996577
462,Warren,Sherrod,warren.sherrod@sakilacustomer.org,1,2006-02-14,2,31,152.69,4.925483870967742,2007-04-30 12:34:10.996577
372,Steve,Mackenzie,steve.mackenzie@sakilacustomer.org,1,2006-02-14,2,32,152.68,4.77125,2007-04-30 08:19:40.996577
187,Brittany,Riley,brittany.riley@sakilacustomer.org,1,2006-02-14,2,27,151.73,5.61962962962963,2007-04-30 12:27:07.996577
550,Guy,Brownlee,guy.brownlee@sakilacustomer.org,1,2006-02-14,2,31,151.69,4.893225806451613,2007-05-14 13:44:29.996577
176,June,Carroll,june.carroll@sakilacustomer.org,1,2006-02-14,1,32,151.68,4.74,2007-04-30 08:56:21.996577
532,Neil,Renner,neil.renner@sakilacustomer.org,1,2006-02-14,2,31,149.69,4.828709677419355,2007-05-14 13:44:29.996577
75,Tammy,Sanders,tammy.sanders@sakilacustomer.org,1,2006-02-14,2,39,149.61,3.836153846153846,2007-05-14 13:44:29.996577
209,Tonya,Chapman,tonya.chapman@sakilacustomer.org,1,2006-02-14,2,29,147.71,5.093448275862069,2007-04-30 13:28:41.996577
86,Jacqueline,Long,jacqueline.long@sakilacustomer.org,1,2006-02-14,2,32,146.68,4.58375,2007-04-30 17:40:15.996577
26,Jessica,Hall,jessica.hall@sakilacustomer.org,1,2006-02-14,2,32,146.68,4.58375,2007-04-30 22:00:06.996577
21,Michelle,Clark,michelle.clark@sakilacustomer.org,1,2006-02-14,1,32,146.68,4.58375,2007-05-14 13:44:29.996577
211,Stacey,Montgomery,stacey.montgomery@sakilacustomer.org,1,2006-02-14,1,33,146.67,4.444545454545454,2007-05-14 13:44:29.996577
346,Arthur,Simpkins,arthur.simpkins@sakilacustomer.org,1,2006-02-14,1,30,145.7,4.8566666666666665,2007-04-30 13:40:39.996577
366,Brandon,Huey,brandon.huey@sakilacustomer.org,1,2006-02-14,1,36,145.64,4.045555555555556,2007-05-14 13:44:29.996577
50,Diane,Collins,diane.collins@sakilacustomer.org,1,2006-02-14,1,30,144.7,4.823333333333333,2007-04-30 22:26:09.996577
360,Ralph,Madrigal,ralph.madrigal@sakilacustomer.org,1,2006-02-14,2,32,144.68,4.52125,2007-04-30 16:57:52.996577
348,Roger,Quintanilla,roger.quintanilla@sakilacustomer.org,1,2006-02-14,2,34,144.66,4.254705882352941,2007-04-30 21:57:42.996577
513,Duane,Tubbs,duane.tubbs@sakilacustomer.org,1,2006-02-14,2,30,143.7,4.79,2007-04-30 16:34:32.996577
454,Alex,Gresham,alex.gresham@sakilacustomer.org,1,2006-02-14,2,32,143.68,4.49,2007-04-30 17:32:56.996577
347,Ryan,Salisbury,ryan.salisbury@sakilacustomer.org,1,2006-02-14,2,30,142.7,4.756666666666667,2007-04-30 12:06:17.996577
390,Shawn,Heaton,shawn.heaton@sakilacustomer.org,1,2006-02-14,1,31,142.69,4.602903225806451,2007-04-30 17:51:51.996577
267,Margie,Wade,margie.wade@sakilacustomer.org,1,2006-02-14,1,33,142.67,4.323333333333333,2007-05-14 13:44:29.996577
257,Marsha,Douglas,marsha.douglas@sakilacustomer.org,1,2006-02-14,2,34,142.66,4.195882352941177,2007-04-30 20:39:20.996577
39,Debra,Nelson,debra.nelson@sakilacustomer.org,1,2006-02-14,1,29,141.71,4.886551724137931,2007-04-30 20:04:33.996577
78,Lori,Wood,lori.wood@sakilacustomer.org,1,2006-02-14,1,31,141.69,4.570645161290322,2007-04-30 06:00:11.996577
362,Nicholas,Barfield,nicholas.barfield@sakilacustomer.org,1,2006-02-14,1,31,140.69,4.538387096774193,2007-04-30 08:49:58.996577
363,Roy,Whiting,roy.whiting@sakilacustomer.org,1,2006-02-14,2,28,139.72,4.99,2007-04-30 15:27:08.996577
368,Harry,Arce,harry.arce@sakilacustomer.org,0,2006-02-14,1,31,139.69,4.506129032258064,2007-04-30 18:44:24.996577
119,Sherry,Marshall,sherry.marshall@sakilacustomer.org,1,2006-02-14,1,31,139.69,4.506129032258064,2007-04-30 19:15:55.996577
66,Janice,Ward,janice.ward@sakilacustomer.org,1,2006-02-14,2,33,139.67,4.232424242424242,2007-04-30 06:59:11.996577
237,Tanya,Gilbert,tanya.gilbert@sakilacustomer.org,1,2006-02-14,1,31,138.69,4.473870967741935,2007-04-30 17:48:47.996577
29,Angela,Hernandez,angela.hernandez@sakilacustomer.org,1,2006-02-14,2,35,138.65,3.9614285714285713,2007-05-14 13:44:29.996577
87,Wanda,Patterson,wanda.patterson@sakilacustomer.org,1,2006-02-14,1,28,137.72,4.918571428571429,2007-05-14 13:44:29.996577
80,Marilyn,Ross,marilyn.ross@sakilacustomer.org,1,2006-02-14,1,30,137.7,4.59,2007-05-14 13:44:29.996577
439,Alexander,Fennell,alexander.fennell@sakilacustomer.org,1,2006-02-14,2,33,137.67,4.171818181818182,2007-04-30 15:50:05.996577
558,Jimmie,Eggleston,jimmie.eggleston@sakilacustomer.org,0,2006-02-14,1,28,135.72,4.847142857142857,2007-04-29 23:08:09.996577
494,Ramon,Choate,ramon.choate@sakilacustomer.org,1,2006-02-14,2,30,135.7,4.523333333333333,2007-04-30 22:52:43.996577
576,Morris,Mccarter,morris.mccarter@sakilacustomer.org,1,2006-02-14,2,32,135.68,4.24,2007-05-14 13:44:29.996577
591,Kent,Arsenault,kent.arsenault@sakilacustomer.org,1,2006-02-14,1,27,134.73,4.99,2007-04-30 05:16:59.996577
467,Alvin,Deloach,alvin.deloach@sakilacustomer.org,1,2006-02-14,2,28,134.72,4.811428571428571,2007-04-29 18:10:59.996577
479,Zachary,Hite,zachary.hite@sakilacustomer.org,1,2006-02-14,1,29,134.71,4.645172413793103,2007-05-14 13:44:29.996577
210,Ella,Oliver,ella.oliver@sakilacustomer.org,1,2006-02-14,2,30,134.7,4.49,2007-04-29 17:01:13.996577
120,Sylvia,Ortiz,sylvia.ortiz@sakilacustomer.org,1,2006-02-14,2,30,134.7,4.49,2007-05-14 13:44:29.996577
204,Rosemary,Schmidt,rosemary.schmidt@sakilacustomer.org,1,2006-02-14,1,31,134.69,4.344838709677419,2007-04-30 18:34:50.996577
15,Helen,Harris,helen.harris@sakilacustomer.org,1,2006-02-14,1,32,134.68,4.20875,2007-05-14 13:44:29.996577
5,Elizabeth,Brown,elizabeth.brown@sakilacustomer.org,1,2006-02-14,1,35,134.65,3.847142857142857,2007-05-14 13:44:29.996577
349,Joe,Gilliland,joe.gilliland@sakilacustomer.org,1,2006-02-14,2,28,133.72,4.775714285714286,2007-05-14 13:44:29.996577
404,Stanley,Scroggins,stanley.scroggins@sakilacustomer.org,1,2006-02-14,2,29,133.71,4.610689655172414,2007-04-30 21:31:58.996577
172,Bernice,Willis,bernice.willis@sakilacustomer.org,1,2006-02-14,1,30,133.7,4.456666666666667,2007-04-30 11:43:01.996577
197,Sue,Peters,sue.peters@sakilacustomer.org,1,2006-02-14,2,32,133.68,4.1775,2007-04-30 21:35:06.996577
265,Jennie,Terry,jennie.terry@sakilacustomer.org,1,2006-02-14,2,28,132.72,4.74,2007-04-30 19:21:11.996577
533,Jessie,Milam,jessie.milam@sakilacustomer.org,1,2006-02-14,1,30,132.7,4.423333333333333,2007-05-14 13:44:29.996577
380,Russell,Brinson,russell.brinson@sakilacustomer.org,1,2006-02-14,1,35,132.65,3.79,2007-04-30 13:08:01.996577
472,Greg,Robins,greg.robins@sakilacustomer.org,1,2006-02-14,1,26,131.74,5.066923076923077,2007-05-14 13:44:29.996577
13,Karen,Jackson,karen.jackson@sakilacustomer.org,1,2006-02-14,2,27,131.73,4.878888888888889,2007-04-30 19:58:07.996577
46,Catherine,Campbell,catherine.campbell@sakilacustomer.org,1,2006-02-14,2,31,131.69,4.248064516129032,2007-04-30 18:44:47.996577
125,Ethel,Webb,ethel.webb@sakilacustomer.org,1,2006-02-14,1,31,131.69,4.248064516129032,2007-04-30 22:37:33.996577
3,Linda,Williams,linda.williams@sakilacustomer.org,1,2006-02-14,1,24,130.76,5.448333333333333,2007-04-30 20:14:12.996577
273,Priscilla,Lowe,priscilla.lowe@sakilacustomer.org,1,2006-02-14,2,28,130.72,4.668571428571429,2007-04-30 18:17:07.996577
7,Maria,Miller,maria.miller@sakilacustomer.org,1,2006-02-14,1,28,130.72,4.668571428571429,2007-04-30 02:58:29.996577
502,Brett,Cornwell,brett.cornwell@sakilacustomer.org,1,2006-02-14,1,30,130.7,4.3566666666666665,2007-04-30 12:11:26.996577
566,Casey,Mena,casey.mena@sakilacustomer.org,1,2006-02-14,1,32,130.68,4.08375,2007-04-30 21:29:57.996577
342,Harold,Martino,harold.martino@sakilacustomer.org,1,2006-02-14,1,32,130.68,4.08375,2007-04-30 23:30:48.996577
112,Rosa,Reynolds,rosa.reynolds@sakilacustomer.org,1,2006-02-14,2,28,129.72,4.632857142857143,2007-04-30 17:17:38.996577
560,Jordan,Archuleta,jordan.archuleta@sakilacustomer.org,1,2006-02-14,1,29,129.71,4.472758620689655,2007-05-14 13:44:29.996577
102,Crystal,Ford,crystal.ford@sakilacustomer.org,1,2006-02-14,1,30,129.7,4.323333333333333,2007-04-30 14:47:05.996577
168,Regina,Berry,regina.berry@sakilacustomer.org,1,2006-02-14,1,32,129.68,4.0525,2007-05-14 13:44:29.996577
484,Roberto,Vu,roberto.vu@sakilacustomer.org,1,2006-02-14,1,27,128.73,4.767777777777778,2007-04-30 21:50:46.996577
103,Gladys,Hamilton,gladys.hamilton@sakilacustomer.org,1,2006-02-14,1,29,128.71,4.4382758620689655,2007-04-30 18:10:33.996577
242,Glenda,Frazier,glenda.frazier@sakilacustomer.org,1,2006-02-14,1,29,128.71,4.4382758620689655,2007-04-30 19:38:40.996577
84,Sara,Perry,sara.perry@sakilacustomer.org,1,2006-02-14,2,30,128.7,4.29,2007-04-30 06:18:36.996577
196,Alma,Austin,alma.austin@sakilacustomer.org,1,2006-02-14,1,31,128.69,4.151290322580645,2007-04-30 22:57:04.996577
448,Miguel,Betancourt,miguel.betancourt@sakilacustomer.org,1,2006-02-14,1,27,127.73,4.730740740740741,2007-05-14 13:44:29.996577
221,Bessie,Morrison,bessie.morrison@sakilacustomer.org,1,2006-02-14,1,27,127.73,4.730740740740741,2007-04-30 20:48:30.996577
520,Mitchell,Westmoreland,mitchell.westmoreland@sakilacustomer.org,1,2006-02-14,2,31,127.69,4.119032258064516,2007-04-30 18:19:03.996577
141,Debbie,Reyes,debbie.reyes@sakilacustomer.org,1,2006-02-14,1,31,127.69,4.119032258064516,2007-04-30 06:18:22.996577
38,Martha,Gonzalez,martha.gonzalez@sakilacustomer.org,1,2006-02-14,1,34,127.66,3.7547058823529413,2007-04-30 19:36:59.996577
200,Jeanne,Lawson,jeanne.lawson@sakilacustomer.org,1,2006-02-14,2,26,126.74,4.874615384615384,2007-05-14 13:44:29.996577
206,Terri,Vasquez,terri.vasquez@sakilacustomer.org,1,2006-02-14,1,27,126.73,4.6937037037037035,2007-04-30 21:34:10.996577
146,Jamie,Rice,jamie.rice@sakilacustomer.org,1,2006-02-14,1,27,126.73,4.6937037037037035,2007-04-28 23:07:07.996577
436,Troy,Quigley,troy.quigley@sakilacustomer.org,1,2006-02-14,1,27,126.73,4.6937037037037035,2007-04-30 23:34:53.996577
108,Tracy,Cole,tracy.cole@sakilacustomer.org,1,2006-02-14,1,28,126.72,4.525714285714286,2007-05-14 13:44:29.996577
114,Grace,Ellis,grace.ellis@sakilacustomer.org,1,2006-02-14,2,30,126.7,4.223333333333334,2007-05-14 13:44:29.996577
426,Bradley,Motley,bradley.motley@sakilacustomer.org,1,2006-02-14,1,26,125.74,4.836153846153846,2007-04-30 21:58:17.996577
482,Maurice,Crawley,maurice.crawley@sakilacustomer.org,0,2006-02-14,1,26,125.74,4.836153846153846,2007-04-30 12:00:57.996577
295,Daisy,Bates,daisy.bates@sakilacustomer.org,1,2006-02-14,1,28,125.72,4.49,2007-05-14 13:44:29.996577
147,Joanne,Robertson,joanne.robertson@sakilacustomer.org,1,2006-02-14,2,32,125.68,3.9275,2007-04-30 08:24:33.996577
354,Justin,Ngo,justin.ngo@sakilacustomer.org,1,2006-02-14,2,33,125.67,3.808181818181818,2007-05-14 13:44:29.996577
45,Janet,Phillips,janet.phillips@sakilacustomer.org,1,2006-02-14,1,26,124.74,4.797692307692308,2007-04-28 12:15:47.996577
89,Julia,Flores,julia.flores@sakilacustomer.org,1,2006-02-14,1,29,124.71,4.300344827586207,2007-04-30 21:46:23.996577
198,Elsie,Kelley,elsie.kelley@sakilacustomer.org,1,2006-02-14,2,32,124.68,3.89625,2007-04-30 20:47:09.996577
129,Carrie,Porter,carrie.porter@sakilacustomer.org,1,2006-02-14,1,34,124.66,3.666470588235294,2007-04-30 21:52:57.996577
2,Patricia,Johnson,patricia.johnson@sakilacustomer.org,1,2006-02-14,1,26,123.74,4.759230769230769,2007-04-30 21:08:19.996577
300,John,Farnsworth,john.farnsworth@sakilacustomer.org,1,2006-02-14,1,26,123.74,4.759230769230769,2007-05-14 13:44:29.996577
506,Leslie,Seward,leslie.seward@sakilacustomer.org,1,2006-02-14,2,28,123.72,4.418571428571429,2007-04-30 15:11:09.996577
371,Billy,Poulin,billy.poulin@sakilacustomer.org,1,2006-02-14,1,29,123.71,4.265862068965517,2007-04-30 07:49:25.996577
51,Alice,Stewart,alice.stewart@sakilacustomer.org,1,2006-02-14,1,30,123.7,4.123333333333333,2007-04-30 04:15:20.996577
27,Shirley,Allen,shirley.allen@sakilacustomer.org,1,2006-02-14,2,30,123.7,4.123333333333333,2007-04-30 13:08:18.996577
30,Melissa,King,melissa.king@sakilacustomer.org,1,2006-02-14,1,34,123.66,3.637058823529412,2007-04-30 16:09:01.996577
434,Eddie,Tomlin,eddie.tomlin@sakilacustomer.org,1,2006-02-14,1,26,122.74,4.720769230769231,2007-04-30 16:52:56.996577
92,Tina,Simmons,tina.simmons@sakilacustomer.org,1,2006-02-14,2,26,122.74,4.720769230769231,2007-04-30 12:26:20.996577
535,Javier,Elrod,javier.elrod@sakilacustomer.org,1,2006-02-14,1,28,122.72,4.382857142857143,2007-04-30 23:29:32.996577
163,Cathy,Spencer,cathy.spencer@sakilacustomer.org,1,2006-02-14,1,29,122.71,4.231379310344828,2007-05-14 13:44:29.996577
244,Viola,Hanson,viola.hanson@sakilacustomer.org,1,2006-02-14,2,30,122.7,4.09,2007-05-14 13:44:29.996577
473,Jorge,Olivares,jorge.olivares@sakilacustomer.org,1,2006-02-14,2,31,122.69,3.957741935483871,2007-04-30 07:54:34.996577
508,Milton,Howland,milton.howland@sakilacustomer.org,1,2006-02-14,2,23,121.77,5.294347826086956,2007-05-14 13:44:29.996577
166,Lynn,Payne,lynn.payne@sakilacustomer.org,1,2006-02-14,1,27,121.73,4.508518518518518,2007-04-30 03:40:27.996577
497,Gilbert,Sledge,gilbert.sledge@sakilacustomer.org,1,2006-02-14,2,27,121.73,4.508518518518518,2007-05-14 13:44:29.996577
451,Jim,Rea,jim.rea@sakilacustomer.org,1,2006-02-14,1,30,121.7,4.056666666666667,2007-04-27 00:48:48.996577
438,Barry,Lovelace,barry.lovelace@sakilacustomer.org,1,2006-02-14,1,30,121.7,4.056666666666667,2007-05-14 13:44:29.996577
406,Nathan,Runyon,nathan.runyon@sakilacustomer.org,0,2006-02-14,1,31,121.69,3.9254838709677418,2007-04-30 22:08:48.996577
491,Rick,Mattox,rick.mattox@sakilacustomer.org,1,2006-02-14,2,25,120.75,4.83,2007-04-30 22:11:30.996577
423,Alfred,Casillas,alfred.casillas@sakilacustomer.org,1,2006-02-14,2,26,120.74,4.6438461538461535,2007-04-30 04:23:57.996577
179,Dana,Hart,dana.hart@sakilacustomer.org,1,2006-02-14,1,26,120.74,4.6438461538461535,2007-04-30 22:13:49.996577
499,Marc,Outlaw,marc.outlaw@sakilacustomer.org,1,2006-02-14,2,29,120.71,4.162413793103449,2007-04-30 01:41:39.996577
122,Thelma,Murray,thelma.murray@sakilacustomer.org,1,2006-02-14,1,30,120.7,4.023333333333333,2007-04-30 13:16:23.996577
59,Cheryl,Murphy,cheryl.murphy@sakilacustomer.org,1,2006-02-14,1,24,119.76,4.99,2007-04-30 21:25:00.996577
389,Alan,Kahn,alan.kahn@sakilacustomer.org,1,2006-02-14,1,25,119.75,4.79,2007-04-30 23:35:53.996577
487,Hector,Poindexter,hector.poindexter@sakilacustomer.org,1,2006-02-14,2,26,119.74,4.605384615384615,2007-04-30 22:13:35.996577
306,Charles,Kowalski,charles.kowalski@sakilacustomer.org,1,2006-02-14,1,28,119.72,4.275714285714286,2007-04-30 23:11:44.996577
207,Gertrude,Castillo,gertrude.castillo@sakilacustomer.org,1,2006-02-14,1,28,119.72,4.275714285714286,2007-04-30 04:18:19.996577
82,Kathryn,Coleman,kathryn.coleman@sakilacustomer.org,1,2006-02-14,1,24,118.76,4.948333333333333,2007-04-30 20:22:48.996577
41,Stephanie,Mitchell,stephanie.mitchell@sakilacustomer.org,1,2006-02-14,1,25,118.75,4.75,2007-05-14 13:44:29.996577
589,Tracy,Herrmann,tracy.herrmann@sakilacustomer.org,1,2006-02-14,1,25,118.75,4.75,2007-04-30 09:26:42.996577
565,Jaime,Nettles,jaime.nettles@sakilacustomer.org,1,2006-02-14,2,27,118.73,4.397407407407408,2007-04-30 16:57:35.996577
128,Marjorie,Tucker,marjorie.tucker@sakilacustomer.org,1,2006-02-14,1,30,118.7,3.9566666666666666,2007-04-30 19:56:43.996577
35,Virginia,Green,virginia.green@sakilacustomer.org,1,2006-02-14,2,30,118.7,3.9566666666666666,2007-04-30 04:36:08.996577
230,Joy,George,joy.george@sakilacustomer.org,1,2006-02-14,2,31,118.69,3.8287096774193548,2007-04-30 17:48:44.996577
583,Marshall,Thorn,marshall.thorn@sakilacustomer.org,1,2006-02-14,1,23,117.77,5.120434782608696,2007-04-30 09:45:48.996577
285,Miriam,Mckinney,miriam.mckinney@sakilacustomer.org,1,2006-02-14,1,23,117.77,5.120434782608696,2007-04-29 06:53:13.996577
585,Perry,Swafford,perry.swafford@sakilacustomer.org,1,2006-02-14,1,24,117.76,4.906666666666666,2007-05-14 13:44:29.996577
504,Nathaniel,Adam,nathaniel.adam@sakilacustomer.org,1,2006-02-14,1,25,117.75,4.71,2007-04-29 04:30:37.996577
421,Lee,Hawks,lee.hawks@sakilacustomer.org,1,2006-02-14,1,25,117.75,4.71,2007-05-14 13:44:29.996577
573,Byron,Box,byron.box@sakilacustomer.org,1,2006-02-14,1,28,117.72,4.204285714285715,2007-04-30 15:10:42.996577
49,Joyce,Edwards,joyce.edwards@sakilacustomer.org,1,2006-02-14,2,24,116.76,4.865,2007-04-30 20:42:18.996577
149,Valerie,Black,valerie.black@sakilacustomer.org,1,2006-02-14,1,25,116.75,4.67,2007-04-30 20:59:15.996577
253,Terry,Carlson,terry.carlson@sakilacustomer.org,1,2006-02-14,1,26,116.74,4.49,2007-04-30 02:44:40.996577
274,Naomi,Jennings,naomi.jennings@sakilacustomer.org,1,2006-02-14,1,27,116.73,4.323333333333333,2007-05-14 13:44:29.996577
263,Hilda,Hopkins,hilda.hopkins@sakilacustomer.org,1,2006-02-14,1,27,116.73,4.323333333333333,2007-05-14 13:44:29.996577
71,Kathy,James,kathy.james@sakilacustomer.org,1,2006-02-14,1,28,116.72,4.168571428571429,2007-04-30 02:00:55.996577
356,Gerald,Fultz,gerald.fultz@sakilacustomer.org,1,2006-02-14,2,29,116.71,4.02448275862069,2007-04-30 23:24:35.996577
512,Cecil,Vines,cecil.vines@sakilacustomer.org,1,2006-02-14,1,26,115.74,4.451538461538462,2007-05-14 13:44:29.996577
56,Gloria,Cook,gloria.cook@sakilacustomer.org,1,2006-02-14,1,26,115.74,4.451538461538462,2007-05-14 13:44:29.996577
529,Erik,Guillen,erik.guillen@sakilacustomer.org,1,2006-02-14,2,28,115.72,4.132857142857143,2007-04-30 17:38:43.996577
393,Philip,Causey,philip.causey@sakilacustomer.org,1,2006-02-14,1,29,115.71,3.99,2007-04-30 21:08:57.996577
158,Veronica,Stone,veronica.stone@sakilacustomer.org,1,2006-02-14,1,30,115.7,3.856666666666667,2007-04-30 18:33:14.996577
279,Dianne,Shelton,dianne.shelton@sakilacustomer.org,1,2006-02-14,2,24,114.76,4.781666666666666,2007-05-14 13:44:29.996577
54,Teresa,Rogers,teresa.rogers@sakilacustomer.org,1,2006-02-14,1,26,114.74,4.413076923076923,2007-04-30 03:12:44.996577
584,Salvador,Teel,salvador.teel@sakilacustomer.org,1,2006-02-14,2,27,114.73,4.24925925925926,2007-04-30 20:38:43.996577
262,Patsy,Davidson,patsy.davidson@sakilacustomer.org,1,2006-02-14,2,27,114.73,4.24925925925926,2007-04-30 07:18:51.996577
107,Florence,Woods,florence.woods@sakilacustomer.org,1,2006-02-14,1,28,114.72,4.097142857142857,2007-05-14 13:44:29.996577
388,Craig,Morrell,craig.morrell@sakilacustomer.org,1,2006-02-14,2,28,114.72,4.097142857142857,2007-05-14 13:44:29.996577
1,Mary,Smith,mary.smith@sakilacustomer.org,1,2006-02-14,1,30,114.7,3.8233333333333333,2007-04-30 01:10:44.996577
433,Don,Bone,don.bone@sakilacustomer.org,1,2006-02-14,1,23,113.77,4.946521739130435,2007-04-30 14:43:03.996577
309,Christopher,Greco,christopher.greco@sakilacustomer.org,1,2006-02-14,1,25,113.75,4.55,2007-04-30 14:18:36.996577
266,Nora,Herrera,nora.herrera@sakilacustomer.org,1,2006-02-14,2,26,113.74,4.374615384615384,2007-04-30 07:26:50.996577
302,Michael,Silverman,michael.silverman@sakilacustomer.org,1,2006-02-14,1,26,113.74,4.374615384615384,2007-04-30 17:38:29.996577
139,Amber,Dixon,amber.dixon@sakilacustomer.org,1,2006-02-14,1,27,113.73,4.2122222222222225,2007-04-30 19:16:57.996577
569,Dave,Gardiner,dave.gardiner@sakilacustomer.org,1,2006-02-14,2,27,113.73,4.2122222222222225,2007-04-30 23:01:26.996577
416,Jeffery,Pinson,jeffery.pinson@sakilacustomer.org,1,2006-02-14,2,28,113.72,4.061428571428571,2007-04-30 17:53:16.996577
314,George,Linton,george.linton@sakilacustomer.org,1,2006-02-14,1,29,113.71,3.9210344827586208,2007-04-30 15:42:56.996577
260,Christy,Vargas,christy.vargas@sakilacustomer.org,1,2006-02-14,1,30,113.7,3.79,2007-04-30 10:19:20.996577
540,Tyrone,Asher,tyrone.asher@sakilacustomer.org,1,2006-02-14,1,24,112.76,4.698333333333333,2007-04-30 09:59:17.996577
582,Andy,Vanhorn,andy.vanhorn@sakilacustomer.org,1,2006-02-14,2,24,112.76,4.698333333333333,2007-05-14 13:44:29.996577
63,Ashley,Richardson,ashley.richardson@sakilacustomer.org,1,2006-02-14,1,25,112.75,4.51,2007-04-30 20:47:42.996577
32,Amy,Lopez,amy.lopez@sakilacustomer.org,1,2006-02-14,1,26,112.74,4.336153846153846,2007-04-30 00:10:29.996577
131,Monica,Hicks,monica.hicks@sakilacustomer.org,1,2006-02-14,2,27,112.73,4.175185185185185,2007-04-30 22:18:20.996577
485,Clyde,Tobias,clyde.tobias@sakilacustomer.org,1,2006-02-14,1,28,112.72,4.025714285714286,2007-04-30 23:47:19.996577
453,Calvin,Martel,calvin.martel@sakilacustomer.org,1,2006-02-14,1,23,111.77,4.859565217391304,2007-04-30 18:52:26.996577
337,Jerry,Jordon,jerry.jordon@sakilacustomer.org,1,2006-02-14,1,24,111.76,4.656666666666666,2007-05-14 13:44:29.996577
225,Arlene,Harvey,arlene.harvey@sakilacustomer.org,1,2006-02-14,1,24,111.76,4.656666666666666,2007-04-30 20:30:35.996577
577,Clifton,Malcolm,clifton.malcolm@sakilacustomer.org,1,2006-02-14,2,26,111.74,4.297692307692308,2007-04-29 14:18:03.996577
173,Audrey,Ray,audrey.ray@sakilacustomer.org,1,2006-02-14,1,27,111.73,4.138148148148148,2007-04-30 22:54:56.996577
579,Daryl,Larue,daryl.larue@sakilacustomer.org,1,2006-02-14,2,27,111.73,4.138148148148148,2007-05-14 13:44:29.996577
113,Cindy,Fisher,cindy.fisher@sakilacustomer.org,1,2006-02-14,2,27,111.73,4.138148148148148,2007-04-30 22:29:10.996577
186,Holly,Fox,holly.fox@sakilacustomer.org,1,2006-02-14,2,29,111.71,3.8520689655172413,2007-05-14 13:44:29.996577
592,Terrance,Roush,terrance.roush@sakilacustomer.org,0,2006-02-14,1,29,111.71,3.8520689655172413,2007-05-14 13:44:29.996577
42,Carolyn,Perez,carolyn.perez@sakilacustomer.org,1,2006-02-14,2,29,111.71,3.8520689655172413,2007-05-14 13:44:29.996577
531,Jamie,Waugh,jamie.waugh@sakilacustomer.org,1,2006-02-14,2,23,110.77,4.8160869565217395,2007-04-30 07:21:11.996577
258,Myrtle,Fleming,myrtle.fleming@sakilacustomer.org,1,2006-02-14,1,24,110.76,4.615,2007-04-30 06:08:25.996577
495,Charlie,Bess,charlie.bess@sakilacustomer.org,1,2006-02-14,2,24,110.76,4.615,2007-05-14 13:44:29.996577
515,Andre,Rapp,andre.rapp@sakilacustomer.org,1,2006-02-14,1,26,110.74,4.259230769230769,2007-04-30 21:22:56.996577
154,Michele,Grant,michele.grant@sakilacustomer.org,1,2006-02-14,2,27,110.73,4.101111111111111,2007-04-30 14:00:54.996577
213,Gina,Williamson,gina.williamson@sakilacustomer.org,1,2006-02-14,1,27,110.73,4.101111111111111,2007-05-14 13:44:29.996577
559,Everett,Banda,everett.banda@sakilacustomer.org,1,2006-02-14,2,28,110.72,3.954285714285714,2007-04-30 20:46:22.996577
90,Ruby,Washington,ruby.washington@sakilacustomer.org,1,2006-02-14,2,28,110.72,3.954285714285714,2007-04-30 23:21:06.996577
595,Terrence,Gunderson,terrence.gunderson@sakilacustomer.org,1,2006-02-14,1,29,110.71,3.817586206896552,2007-04-30 22:25:20.996577
241,Heidi,Larson,heidi.larson@sakilacustomer.org,0,2006-02-14,2,32,110.68,3.45875,2007-04-30 23:33:30.996577
170,Beatrice,Arnold,beatrice.arnold@sakilacustomer.org,1,2006-02-14,1,23,109.77,4.772608695652174,2007-04-30 23:09:49.996577
536,Fernando,Churchill,fernando.churchill@sakilacustomer.org,1,2006-02-14,2,23,109.77,4.772608695652174,2007-04-30 19:06:48.996577
575,Isaac,Oglesby,isaac.oglesby@sakilacustomer.org,1,2006-02-14,2,24,109.76,4.573333333333333,2007-04-30 07:26:01.996577
220,Charlene,Alvarez,charlene.alvarez@sakilacustomer.org,1,2006-02-14,2,25,109.75,4.39,2007-04-30 20:48:55.996577
16,Sandra,Martin,sandra.martin@sakilacustomer.org,0,2006-02-14,2,25,109.75,4.39,2007-04-30 09:40:29.996577
538,Ted,Breaux,ted.breaux@sakilacustomer.org,1,2006-02-14,2,27,109.73,4.064074074074074,2007-04-30 15:21:09.996577
376,Randy,Gaither,randy.gaither@sakilacustomer.org,1,2006-02-14,1,27,109.73,4.064074074074074,2007-04-30 11:56:21.996577
447,Clifford,Bowens,clifford.bowens@sakilacustomer.org,1,2006-02-14,1,27,109.73,4.064074074074074,2007-04-30 14:25:05.996577
386,Todd,Tan,todd.tan@sakilacustomer.org,1,2006-02-14,1,28,109.72,3.9185714285714286,2007-04-30 05:18:32.996577
446,Theodore,Culp,theodore.culp@sakilacustomer.org,0,2006-02-14,2,28,109.72,3.9185714285714286,2007-04-30 07:48:07.996577
481,Herman,Devore,herman.devore@sakilacustomer.org,1,2006-02-14,1,28,109.72,3.9185714285714286,2007-04-30 21:54:31.996577
424,Kyle,Spurlock,kyle.spurlock@sakilacustomer.org,1,2006-02-14,2,29,109.71,3.7831034482758623,2007-05-14 13:44:29.996577
284,Sonia,Gregory,sonia.gregory@sakilacustomer.org,1,2006-02-14,1,22,108.78,4.944545454545454,2007-05-14 13:44:29.996577
594,Eduardo,Hiatt,eduardo.hiatt@sakilacustomer.org,1,2006-02-14,1,23,108.77,4.729130434782609,2007-04-30 09:32:46.996577
590,Seth,Hannon,seth.hannon@sakilacustomer.org,1,2006-02-14,2,24,108.76,4.531666666666666,2007-05-14 13:44:29.996577
277,Olga,Jimenez,olga.jimenez@sakilacustomer.org,1,2006-02-14,2,24,108.76,4.531666666666666,2007-04-30 12:49:25.996577
518,Gabriel,Harder,gabriel.harder@sakilacustomer.org,1,2006-02-14,1,25,108.75,4.35,2007-04-29 04:38:01.996577
334,Raymond,Mcwhorter,raymond.mcwhorter@sakilacustomer.org,1,2006-02-14,2,25,108.75,4.35,2007-05-14 13:44:29.996577
574,Julian,Vest,julian.vest@sakilacustomer.org,1,2006-02-14,2,27,108.73,4.027037037037037,2007-04-30 07:54:23.996577
239,Minnie,Romero,minnie.romero@sakilacustomer.org,1,2006-02-14,2,28,108.72,3.882857142857143,2007-04-30 11:33:55.996577
167,Sally,Pierce,sally.pierce@sakilacustomer.org,1,2006-02-14,2,29,108.71,3.7486206896551724,2007-04-30 00:57:05.996577
293,Mae,Fletcher,mae.fletcher@sakilacustomer.org,1,2006-02-14,2,21,107.79,5.132857142857143,2007-04-30 08:07:41.996577
571,Johnnie,Chisholm,johnnie.chisholm@sakilacustomer.org,1,2006-02-14,2,22,107.78,4.899090909090909,2007-04-30 19:00:35.996577
427,Jesus,Mccartney,jesus.mccartney@sakilacustomer.org,1,2006-02-14,2,23,107.77,4.685652173913043,2007-04-30 15:28:17.996577
332,Stephen,Qualls,stephen.qualls@sakilacustomer.org,1,2006-02-14,1,26,107.74,4.1438461538461535,2007-04-30 17:55:48.996577
441,Mario,Cheatham,mario.cheatham@sakilacustomer.org,1,2006-02-14,1,27,107.73,3.99,2007-05-14 13:44:29.996577
145,Lucille,Holmes,lucille.holmes@sakilacustomer.org,1,2006-02-14,1,27,107.73,3.99,2007-04-30 09:33:21.996577
588,Marion,Ocampo,marion.ocampo@sakilacustomer.org,1,2006-02-14,1,27,107.73,3.99,2007-04-30 17:25:55.996577
157,Darlene,Rose,darlene.rose@sakilacustomer.org,1,2006-02-14,2,29,107.71,3.714137931034483,2007-04-30 23:13:53.996577
254,Maxine,Silva,maxine.silva@sakilacustomer.org,1,2006-02-14,2,30,107.7,3.59,2007-04-30 22:21:12.996577
418,Jeff,East,jeff.east@sakilacustomer.org,1,2006-02-14,2,30,107.7,3.59,2007-04-30 00:43:01.996577
91,Lois,Butler,lois.butler@sakilacustomer.org,1,2006-02-14,2,34,107.66,3.166470588235294,2007-05-14 13:44:29.996577
477,Dan,Paine,dan.paine@sakilacustomer.org,1,2006-02-14,1,21,106.79,5.085238095238095,2007-04-30 20:21:27.996577
343,Douglas,Graf,douglas.graf@sakilacustomer.org,1,2006-02-14,1,23,106.77,4.642173913043479,2007-04-30 20:53:00.996577
240,Marlene,Welch,marlene.welch@sakilacustomer.org,1,2006-02-14,1,23,106.77,4.642173913043479,2007-04-29 23:39:37.996577
155,Gail,Knight,gail.knight@sakilacustomer.org,1,2006-02-14,1,24,106.76,4.448333333333333,2007-05-14 13:44:29.996577
234,Claudia,Fuller,claudia.fuller@sakilacustomer.org,1,2006-02-14,1,25,106.75,4.27,2007-05-14 13:44:29.996577
471,Dean,Sauer,dean.sauer@sakilacustomer.org,1,2006-02-14,1,26,106.74,4.105384615384615,2007-04-30 22:30:36.996577
116,Victoria,Gibson,victoria.gibson@sakilacustomer.org,1,2006-02-14,1,26,106.74,4.105384615384615,2007-04-30 12:36:16.996577
23,Sarah,Lewis,sarah.lewis@sakilacustomer.org,1,2006-02-14,2,27,106.73,3.952962962962963,2007-05-14 13:44:29.996577
457,Bill,Gavin,bill.gavin@sakilacustomer.org,1,2006-02-14,2,27,106.73,3.952962962962963,2007-05-14 13:44:29.996577
160,Erin,Dunn,erin.dunn@sakilacustomer.org,1,2006-02-14,2,27,106.73,3.952962962962963,2007-04-30 18:45:35.996577
52,Julie,Sanchez,julie.sanchez@sakilacustomer.org,1,2006-02-14,1,28,106.72,3.8114285714285714,2007-05-14 13:44:29.996577
138,Hazel,Warren,hazel.warren@sakilacustomer.org,1,2006-02-14,1,32,106.68,3.33375,2007-04-30 22:56:19.996577
127,Elaine,Stevens,elaine.stevens@sakilacustomer.org,1,2006-02-14,2,22,105.78,4.808181818181819,2007-04-30 23:03:51.996577
490,Sam,Mcduffie,sam.mcduffie@sakilacustomer.org,1,2006-02-14,1,22,105.78,4.808181818181819,2007-04-30 07:25:02.996577
331,Eric,Robert,eric.robert@sakilacustomer.org,1,2006-02-14,1,22,105.78,4.808181818181819,2007-04-30 22:48:07.996577
193,Katie,Elliott,katie.elliott@sakilacustomer.org,1,2006-02-14,2,23,105.77,4.598695652173913,2007-05-14 13:44:29.996577
294,Shelly,Watts,shelly.watts@sakilacustomer.org,1,2006-02-14,2,23,105.77,4.598695652173913,2007-04-30 23:41:48.996577
58,Jean,Bell,jean.bell@sakilacustomer.org,1,2006-02-14,1,24,105.76,4.406666666666666,2007-05-14 13:44:29.996577
400,Bryan,Hardison,bryan.hardison@sakilacustomer.org,1,2006-02-14,2,24,105.76,4.406666666666666,2007-04-30 22:44:15.996577
396,Earl,Shanks,earl.shanks@sakilacustomer.org,1,2006-02-14,1,26,105.74,4.066923076923077,2007-04-30 23:03:08.996577
40,Amanda,Carter,amanda.carter@sakilacustomer.org,1,2006-02-14,2,26,105.74,4.066923076923077,2007-04-30 15:22:09.996577
96,Diana,Alexander,diana.alexander@sakilacustomer.org,1,2006-02-14,1,27,105.73,3.915925925925926,2007-04-30 17:08:41.996577
444,Marcus,Hidalgo,marcus.hidalgo@sakilacustomer.org,1,2006-02-14,2,28,105.72,3.775714285714286,2007-04-30 03:34:28.996577
28,Cynthia,Young,cynthia.young@sakilacustomer.org,1,2006-02-14,1,30,105.7,3.5233333333333334,2007-05-14 13:44:29.996577
345,Carl,Artis,carl.artis@sakilacustomer.org,1,2006-02-14,1,21,104.79,4.99,2007-04-30 23:32:54.996577
493,Brent,Harkins,brent.harkins@sakilacustomer.org,1,2006-02-14,1,22,104.78,4.762727272727273,2007-05-14 13:44:29.996577
289,Violet,Rodriquez,violet.rodriquez@sakilacustomer.org,1,2006-02-14,1,24,104.76,4.365,2007-04-30 22:25:21.996577
121,Josephine,Gomez,josephine.gomez@sakilacustomer.org,1,2006-02-14,1,25,104.75,4.19,2007-04-30 02:28:45.996577
171,Dolores,Wagner,dolores.wagner@sakilacustomer.org,1,2006-02-14,2,25,104.75,4.19,2007-04-30 06:42:55.996577
407,Dale,Ratcliff,dale.ratcliff@sakilacustomer.org,1,2006-02-14,1,26,104.74,4.0284615384615385,2007-04-29 19:54:17.996577
31,Brenda,Wright,brenda.wright@sakilacustomer.org,1,2006-02-14,2,26,104.74,4.0284615384615385,2007-04-30 03:22:22.996577
25,Deborah,Walker,deborah.walker@sakilacustomer.org,1,2006-02-14,1,27,104.73,3.878888888888889,2007-04-30 19:17:39.996577
397,Jimmy,Schrader,jimmy.schrader@sakilacustomer.org,1,2006-02-14,1,28,104.72,3.74,2007-04-30 22:22:52.996577
442,Leroy,Bustamante,leroy.bustamante@sakilacustomer.org,1,2006-02-14,1,29,104.71,3.610689655172414,2007-04-30 17:13:56.996577
341,Peter,Menard,peter.menard@sakilacustomer.org,1,2006-02-14,1,22,103.78,4.717272727272728,2007-04-29 16:41:15.996577
296,Ramona,Hale,ramona.hale@sakilacustomer.org,1,2006-02-14,2,23,103.77,4.5117391304347825,2007-05-14 13:44:29.996577
280,Tracey,Barrett,tracey.barrett@sakilacustomer.org,1,2006-02-14,2,23,103.77,4.5117391304347825,2007-04-30 07:17:52.996577
214,Kristin,Johnston,kristin.johnston@sakilacustomer.org,1,2006-02-14,1,26,103.74,3.99,2007-05-14 13:44:29.996577
202,Carla,Gutierrez,carla.gutierrez@sakilacustomer.org,1,2006-02-14,2,26,103.74,3.99,2007-04-30 21:14:00.996577
245,Courtney,Day,courtney.day@sakilacustomer.org,1,2006-02-14,1,26,103.74,3.99,2007-05-14 13:44:29.996577
20,Sharon,Robinson,sharon.robinson@sakilacustomer.org,1,2006-02-14,2,27,103.73,3.841851851851852,2007-04-30 21:22:18.996577
408,Manuel,Murrell,manuel.murrell@sakilacustomer.org,1,2006-02-14,1,27,103.73,3.841851851851852,2007-04-30 07:53:40.996577
292,Misty,Lambert,misty.lambert@sakilacustomer.org,1,2006-02-14,2,22,102.78,4.671818181818182,2007-04-30 10:07:39.996577
553,Max,Pitt,max.pitt@sakilacustomer.org,1,2006-02-14,1,23,102.77,4.468260869565217,2007-04-30 13:33:48.996577
510,Ben,Easter,ben.easter@sakilacustomer.org,0,2006-02-14,2,23,102.77,4.468260869565217,2007-04-30 20:13:54.996577
587,Sergio,Stanfield,sergio.stanfield@sakilacustomer.org,1,2006-02-14,1,24,102.76,4.281666666666666,2007-05-14 13:44:29.996577
98,Lillian,Griffin,lillian.griffin@sakilacustomer.org,1,2006-02-14,1,24,102.76,4.281666666666666,2007-04-30 07:51:04.996577
126,Ellen,Simpson,ellen.simpson@sakilacustomer.org,1,2006-02-14,1,25,102.75,4.11,2007-04-30 22:20:47.996577
190,Yolanda,Weaver,yolanda.weaver@sakilacustomer.org,1,2006-02-14,2,25,102.75,4.11,2007-05-14 13:44:29.996577
44,Marie,Turner,marie.turner@sakilacustomer.org,1,2006-02-14,1,21,101.79,4.847142857142857,2007-05-14 13:44:29.996577
466,Leo,Ebert,leo.ebert@sakilacustomer.org,1,2006-02-14,1,22,101.78,4.626363636363636,2007-04-30 12:59:04.996577
100,Robin,Hayes,robin.hayes@sakilacustomer.org,1,2006-02-14,1,23,101.77,4.4247826086956525,2007-05-14 13:44:29.996577
593,Rene,Mcalister,rene.mcalister@sakilacustomer.org,1,2006-02-14,2,24,101.76,4.24,2007-04-30 21:59:57.996577
405,Leonard,Schofield,leonard.schofield@sakilacustomer.org,1,2006-02-14,1,30,101.7,3.39,2007-05-14 13:44:29.996577
486,Glen,Talbert,glen.talbert@sakilacustomer.org,1,2006-02-14,1,23,100.77,4.381304347826087,2007-04-30 18:34:11.996577
517,Brad,Mccurdy,brad.mccurdy@sakilacustomer.org,1,2006-02-14,2,24,100.76,4.198333333333333,2007-04-30 17:53:39.996577
572,Sidney,Burleson,sidney.burleson@sakilacustomer.org,1,2006-02-14,1,24,100.76,4.198333333333333,2007-04-30 23:16:05.996577
219,Willie,Howell,willie.howell@sakilacustomer.org,1,2006-02-14,2,25,100.75,4.03,2007-05-14 13:44:29.996577
251,Vickie,Brewer,vickie.brewer@sakilacustomer.org,1,2006-02-14,2,25,100.75,4.03,2007-05-14 13:44:29.996577
135,Juanita,Mason,juanita.mason@sakilacustomer.org,1,2006-02-14,2,28,100.72,3.597142857142857,2007-05-14 13:44:29.996577
519,Ron,Deluca,ron.deluca@sakilacustomer.org,1,2006-02-14,2,22,99.78,4.535454545454545,2007-04-30 23:46:53.996577
11,Lisa,Anderson,lisa.anderson@sakilacustomer.org,1,2006-02-14,2,23,99.77,4.337826086956522,2007-05-14 13:44:29.996577
57,Evelyn,Morgan,evelyn.morgan@sakilacustomer.org,1,2006-02-14,2,26,99.74,3.836153846153846,2007-04-30 21:55:39.996577
297,Sherri,Rhodes,sherri.rhodes@sakilacustomer.org,1,2006-02-14,1,26,99.74,3.836153846153846,2007-04-30 20:58:36.996577
563,Ken,Prewitt,ken.prewitt@sakilacustomer.org,1,2006-02-14,2,27,99.73,3.6937037037037035,2007-04-29 20:16:06.996577
503,Angel,Barclay,angel.barclay@sakilacustomer.org,1,2006-02-14,1,28,99.72,3.5614285714285714,2007-04-30 15:19:37.996577
452,Tom,Milner,tom.milner@sakilacustomer.org,1,2006-02-14,1,29,99.71,3.4382758620689655,2007-05-14 13:44:29.996577
381,Bobby,Boudreau,bobby.boudreau@sakilacustomer.org,1,2006-02-14,2,32,99.68,3.115,2007-04-30 17:12:55.996577
19,Ruth,Martinez,ruth.martinez@sakilacustomer.org,1,2006-02-14,1,18,98.82,5.49,2007-04-30 22:09:01.996577
329,Frank,Waggoner,frank.waggoner@sakilacustomer.org,1,2006-02-14,2,23,98.77,4.294347826086956,2007-04-30 17:51:30.996577
537,Clinton,Buford,clinton.buford@sakilacustomer.org,1,2006-02-14,2,24,98.76,4.115,2007-05-14 13:44:29.996577
175,Annette,Olson,annette.olson@sakilacustomer.org,1,2006-02-14,1,24,98.76,4.115,2007-05-14 13:44:29.996577
264,Gwendolyn,May,gwendolyn.may@sakilacustomer.org,1,2006-02-14,1,25,98.75,3.95,2007-05-14 13:44:29.996577
425,Francis,Sikes,francis.sikes@sakilacustomer.org,1,2006-02-14,2,25,98.75,3.95,2007-04-30 21:41:00.996577
374,Jeremy,Hurtado,jeremy.hurtado@sakilacustomer.org,1,2006-02-14,2,25,98.75,3.95,2007-05-14 13:44:29.996577
580,Ross,Grey,ross.grey@sakilacustomer.org,1,2006-02-14,1,26,98.74,3.7976923076923077,2007-04-30 20:54:05.996577
65,Rose,Howard,rose.howard@sakilacustomer.org,1,2006-02-14,2,20,97.8,4.89,2007-04-30 14:40:54.996577
367,Adam,Gooch,adam.gooch@sakilacustomer.org,1,2006-02-14,1,20,97.8,4.89,2007-04-30 19:48:39.996577
460,Leon,Bostic,leon.bostic@sakilacustomer.org,1,2006-02-14,1,21,97.79,4.656666666666666,2007-04-29 13:34:18.996577
409,Rodney,Moeller,rodney.moeller@sakilacustomer.org,1,2006-02-14,2,22,97.78,4.444545454545454,2007-04-30 13:27:31.996577
192,Laurie,Lawrence,laurie.lawrence@sakilacustomer.org,1,2006-02-14,1,22,97.78,4.444545454545454,2007-05-14 13:44:29.996577
475,Pedro,Chestnut,pedro.chestnut@sakilacustomer.org,1,2006-02-14,2,22,97.78,4.444545454545454,2007-04-30 21:39:27.996577
562,Wallace,Slone,wallace.slone@sakilacustomer.org,1,2006-02-14,1,22,97.78,4.444545454545454,2007-04-28 18:25:57.996577
123,Shannon,Freeman,shannon.freeman@sakilacustomer.org,1,2006-02-14,2,23,97.77,4.250869565217391,2007-04-30 23:33:52.996577
256,Mabel,Holland,mabel.holland@sakilacustomer.org,1,2006-02-14,2,25,97.75,3.91,2007-04-30 19:39:22.996577
581,Virgil,Wofford,virgil.wofford@sakilacustomer.org,1,2006-02-14,1,25,97.75,3.91,2007-04-30 20:31:00.996577
268,Nina,Soto,nina.soto@sakilacustomer.org,1,2006-02-14,1,21,96.79,4.609047619047619,2007-04-30 23:40:19.996577
379,Carlos,Coughlin,carlos.coughlin@sakilacustomer.org,1,2006-02-14,1,21,96.79,4.609047619047619,2007-04-30 17:29:28.996577
269,Cassandra,Walters,cassandra.walters@sakilacustomer.org,1,2006-02-14,1,21,96.79,4.609047619047619,2007-05-14 13:44:29.996577
352,Albert,Crouse,albert.crouse@sakilacustomer.org,1,2006-02-14,1,22,96.78,4.399090909090909,2007-05-14 13:44:29.996577
83,Louise,Jenkins,louise.jenkins@sakilacustomer.org,1,2006-02-14,1,22,96.78,4.399090909090909,2007-05-14 13:44:29.996577
14,Betty,White,betty.white@sakilacustomer.org,1,2006-02-14,2,23,96.77,4.207391304347826,2007-05-14 13:44:29.996577
414,Vincent,Ralston,vincent.ralston@sakilacustomer.org,1,2006-02-14,1,23,96.77,4.207391304347826,2007-04-30 19:30:12.996577
286,Velma,Lucas,velma.lucas@sakilacustomer.org,1,2006-02-14,1,24,96.76,4.031666666666666,2007-04-30 19:22:46.996577
445,Micheal,Forman,micheal.forman@sakilacustomer.org,1,2006-02-14,1,24,96.76,4.031666666666666,2007-04-30 16:23:24.996577
317,Edward,Baugh,edward.baugh@sakilacustomer.org,1,2006-02-14,2,24,96.76,4.031666666666666,2007-05-14 13:44:29.996577
500,Reginald,Kinder,reginald.kinder@sakilacustomer.org,1,2006-02-14,1,25,96.75,3.87,2007-04-30 14:27:34.996577
422,Melvin,Ellington,melvin.ellington@sakilacustomer.org,1,2006-02-14,1,25,96.75,3.87,2007-05-14 13:44:29.996577
74,Denise,Kelly,denise.kelly@sakilacustomer.org,1,2006-02-14,1,26,96.74,3.7207692307692306,2007-04-30 17:42:46.996577
554,Dwayne,Olvera,dwayne.olvera@sakilacustomer.org,1,2006-02-14,1,20,95.8,4.79,2007-04-11 07:31:19.996577
578,Willard,Lumpkin,willard.lumpkin@sakilacustomer.org,1,2006-02-14,2,21,95.79,4.561428571428571,2007-04-30 22:36:27.996577
106,Connie,Wallace,connie.wallace@sakilacustomer.org,1,2006-02-14,1,21,95.79,4.561428571428571,2007-04-30 23:31:44.996577
180,Stacy,Cunningham,stacy.cunningham@sakilacustomer.org,1,2006-02-14,2,22,95.78,4.3536363636363635,2007-05-14 13:44:29.996577
324,Gary,Coy,gary.coy@sakilacustomer.org,1,2006-02-14,2,22,95.78,4.3536363636363635,2007-05-14 13:44:29.996577
541,Darren,Windham,darren.windham@sakilacustomer.org,1,2006-02-14,2,22,95.78,4.3536363636363635,2007-04-30 02:12:09.996577
488,Shane,Millard,shane.millard@sakilacustomer.org,1,2006-02-14,2,22,95.78,4.3536363636363635,2007-04-30 23:51:26.996577
339,Walter,Perryman,walter.perryman@sakilacustomer.org,1,2006-02-14,2,24,95.76,3.99,2007-04-30 11:22:29.996577
199,Beth,Franklin,beth.franklin@sakilacustomer.org,1,2006-02-14,2,24,95.76,3.99,2007-05-14 13:44:29.996577
456,Ronnie,Ricketts,ronnie.ricketts@sakilacustomer.org,1,2006-02-14,2,24,95.76,3.99,2007-04-29 17:41:41.996577
132,Esther,Crawford,esther.crawford@sakilacustomer.org,1,2006-02-14,2,28,95.72,3.4185714285714286,2007-04-27 23:29:41.996577
22,Laura,Rodriguez,laura.rodriguez@sakilacustomer.org,1,2006-02-14,1,19,94.81,4.99,2007-05-14 13:44:29.996577
150,Danielle,Daniels,danielle.daniels@sakilacustomer.org,1,2006-02-14,2,22,94.78,4.308181818181819,2007-04-30 08:04:52.996577
68,Nicole,Peterson,nicole.peterson@sakilacustomer.org,1,2006-02-14,1,22,94.78,4.308181818181819,2007-04-30 23:53:48.996577
276,Brandy,Graves,brandy.graves@sakilacustomer.org,1,2006-02-14,1,23,94.77,4.120434782608696,2007-04-30 20:49:12.996577
161,Geraldine,Perkins,geraldine.perkins@sakilacustomer.org,1,2006-02-14,1,24,94.76,3.9483333333333333,2007-04-30 19:36:58.996577
546,Kelly,Knott,kelly.knott@sakilacustomer.org,1,2006-02-14,1,24,94.76,3.9483333333333333,2007-04-30 19:44:46.996577
153,Suzanne,Nichols,suzanne.nichols@sakilacustomer.org,1,2006-02-14,2,24,94.76,3.9483333333333333,2007-04-30 16:39:43.996577
10,Dorothy,Taylor,dorothy.taylor@sakilacustomer.org,1,2006-02-14,1,24,94.76,3.9483333333333333,2007-04-30 13:55:33.996577
111,Carmen,Owens,carmen.owens@sakilacustomer.org,1,2006-02-14,1,25,94.75,3.79,2007-05-14 13:44:29.996577
321,Kevin,Schuler,kevin.schuler@sakilacustomer.org,1,2006-02-14,1,17,93.83,5.5194117647058825,2007-04-30 15:36:57.996577
432,Edwin,Burk,edwin.burk@sakilacustomer.org,1,2006-02-14,1,20,93.8,4.69,2007-04-30 15:40:49.996577
528,Claude,Herzog,claude.herzog@sakilacustomer.org,1,2006-02-14,1,20,93.8,4.69,2007-04-30 22:11:08.996577
319,Ronald,Weiner,ronald.weiner@sakilacustomer.org,1,2006-02-14,2,21,93.79,4.4661904761904765,2007-04-30 05:03:47.996577
443,Francisco,Skidmore,francisco.skidmore@sakilacustomer.org,1,2006-02-14,2,21,93.79,4.4661904761904765,2007-04-30 18:36:10.996577
105,Dawn,Sullivan,dawn.sullivan@sakilacustomer.org,1,2006-02-14,1,22,93.78,4.262727272727273,2007-04-30 11:25:10.996577
336,Joshua,Mark,joshua.mark@sakilacustomer.org,1,2006-02-14,1,22,93.78,4.262727272727273,2007-05-14 13:44:29.996577
385,Phillip,Holm,phillip.holm@sakilacustomer.org,1,2006-02-14,1,24,93.76,3.9066666666666667,2007-04-30 06:07:58.996577
383,Martin,Bales,martin.bales@sakilacustomer.org,1,2006-02-14,1,25,93.75,3.75,2007-04-30 05:09:13.996577
229,Tamara,Nguyen,tamara.nguyen@sakilacustomer.org,1,2006-02-14,1,25,93.75,3.75,2007-05-14 13:44:29.996577
377,Howard,Fortner,howard.fortner@sakilacustomer.org,1,2006-02-14,1,26,93.74,3.605384615384615,2007-04-30 22:36:27.996577
12,Nancy,Thomas,nancy.thomas@sakilacustomer.org,1,2006-02-14,1,26,93.74,3.605384615384615,2007-04-30 12:18:09.996577
47,Frances,Parker,frances.parker@sakilacustomer.org,1,2006-02-14,1,19,92.81,4.884736842105263,2007-04-30 13:35:30.996577
307,Joseph,Joy,joseph.joy@sakilacustomer.org,1,2006-02-14,2,20,92.8,4.64,2007-04-30 20:25:58.996577
544,Cody,Nolen,cody.nolen@sakilacustomer.org,1,2006-02-14,2,20,92.8,4.64,2007-04-30 02:14:52.996577
81,Andrea,Henderson,andrea.henderson@sakilacustomer.org,1,2006-02-14,1,21,92.79,4.418571428571429,2007-04-30 20:48:35.996577
365,Bruce,Schwarz,bruce.schwarz@sakilacustomer.org,1,2006-02-14,2,21,92.79,4.418571428571429,2007-04-30 10:38:45.996577
511,Chester,Benner,chester.benner@sakilacustomer.org,1,2006-02-14,1,22,92.78,4.217272727272728,2007-04-30 08:50:37.996577
431,Joel,Francisco,joel.francisco@sakilacustomer.org,1,2006-02-14,2,22,92.78,4.217272727272728,2007-05-14 13:44:29.996577
516,Elmer,Noe,elmer.noe@sakilacustomer.org,1,2006-02-14,2,24,92.76,3.865,2007-05-14 13:44:29.996577
182,Renee,Lane,renee.lane@sakilacustomer.org,1,2006-02-14,1,24,92.76,3.865,2007-04-28 15:18:52.996577
474,Dustin,Gillette,dustin.gillette@sakilacustomer.org,1,2006-02-14,2,25,92.75,3.71,2007-05-14 13:44:29.996577
188,Melanie,Armstrong,melanie.armstrong@sakilacustomer.org,1,2006-02-14,1,25,92.75,3.71,2007-05-14 13:44:29.996577
275,Carole,Barnett,carole.barnett@sakilacustomer.org,1,2006-02-14,2,25,92.75,3.71,2007-04-30 12:59:57.996577
505,Rafael,Abney,rafael.abney@sakilacustomer.org,1,2006-02-14,1,19,91.81,4.832105263157895,2007-05-14 13:44:29.996577
489,Ricardo,Meador,ricardo.meador@sakilacustomer.org,1,2006-02-14,1,19,91.81,4.832105263157895,2007-04-30 20:53:12.996577
212,Wilma,Richards,wilma.richards@sakilacustomer.org,1,2006-02-14,2,20,91.8,4.59,2007-04-30 01:25:52.996577
37,Pamela,Baker,pamela.baker@sakilacustomer.org,1,2006-02-14,1,21,91.79,4.370952380952381,2007-04-30 01:04:37.996577
201,Vicki,Fields,vicki.fields@sakilacustomer.org,1,2006-02-14,1,22,91.78,4.171818181818182,2007-04-30 17:03:51.996577
417,Travis,Estep,travis.estep@sakilacustomer.org,1,2006-02-14,1,22,91.78,4.171818181818182,2007-05-14 13:44:29.996577
392,Sean,Douglass,sean.douglass@sakilacustomer.org,1,2006-02-14,2,23,91.77,3.99,2007-04-30 18:40:28.996577
323,Matthew,Mahan,matthew.mahan@sakilacustomer.org,1,2006-02-14,2,25,91.75,3.67,2007-04-30 17:12:49.996577
570,Ivan,Cromwell,ivan.cromwell@sakilacustomer.org,1,2006-02-14,2,25,91.75,3.67,2007-05-14 13:44:29.996577
64,Judith,Cox,judith.cox@sakilacustomer.org,0,2006-02-14,2,30,91.7,3.0566666666666666,2007-05-14 13:44:29.996577
261,Deanna,Byrd,deanna.byrd@sakilacustomer.org,1,2006-02-14,1,22,90.78,4.126363636363636,2007-04-30 11:50:20.996577
216,Natalie,Meyer,natalie.meyer@sakilacustomer.org,1,2006-02-14,1,22,90.78,4.126363636363636,2007-05-14 13:44:29.996577
99,Emily,Diaz,emily.diaz@sakilacustomer.org,1,2006-02-14,2,23,90.77,3.946521739130435,2007-05-14 13:44:29.996577
36,Kathleen,Adams,kathleen.adams@sakilacustomer.org,1,2006-02-14,2,25,90.75,3.63,2007-04-30 17:20:45.996577
461,Derek,Blakely,derek.blakely@sakilacustomer.org,1,2006-02-14,1,27,90.73,3.3603703703703705,2007-04-30 22:26:56.996577
552,Hugh,Waldrop,hugh.waldrop@sakilacustomer.org,1,2006-02-14,2,20,89.8,4.49,2007-04-30 16:38:22.996577
43,Christine,Roberts,christine.roberts@sakilacustomer.org,1,2006-02-14,2,22,89.78,4.080909090909091,2007-05-14 13:44:29.996577
364,Benjamin,Varney,benjamin.varney@sakilacustomer.org,1,2006-02-14,1,22,89.78,4.080909090909091,2007-04-30 18:56:35.996577
333,Andrew,Purdy,andrew.purdy@sakilacustomer.org,1,2006-02-14,2,22,89.78,4.080909090909091,2007-04-30 17:53:21.996577
73,Beverly,Brooks,beverly.brooks@sakilacustomer.org,1,2006-02-14,2,22,89.78,4.080909090909091,2007-05-14 13:44:29.996577
235,Jackie,Lynch,jackie.lynch@sakilacustomer.org,1,2006-02-14,1,23,89.77,3.9030434782608694,2007-04-30 23:14:23.996577
233,Lillie,Kim,lillie.kim@sakilacustomer.org,1,2006-02-14,2,23,89.77,3.9030434782608694,2007-04-30 01:17:46.996577
507,Edgar,Rhoads,edgar.rhoads@sakilacustomer.org,1,2006-02-14,2,23,89.77,3.9030434782608694,2007-04-30 03:31:18.996577
156,Bertha,Ferguson,bertha.ferguson@sakilacustomer.org,1,2006-02-14,1,23,89.77,3.9030434782608694,2007-04-30 19:02:19.996577
69,Judy,Gray,judy.gray@sakilacustomer.org,1,2006-02-14,2,23,89.77,3.9030434782608694,2007-05-14 13:44:29.996577
463,Darrell,Power,darrell.power@sakilacustomer.org,1,2006-02-14,2,24,89.76,3.74,2007-04-30 18:50:43.996577
34,Rebecca,Scott,rebecca.scott@sakilacustomer.org,1,2006-02-14,2,24,89.76,3.74,2007-04-30 09:45:59.996577
361,Lawrence,Lawton,lawrence.lawton@sakilacustomer.org,1,2006-02-14,2,29,89.71,3.093448275862069,2007-05-14 13:44:29.996577
247,Stella,Moreno,stella.moreno@sakilacustomer.org,1,2006-02-14,1,19,88.81,4.67421052631579,2007-04-28 12:17:04.996577
249,Dora,Medina,dora.medina@sakilacustomer.org,1,2006-02-14,2,19,88.81,4.67421052631579,2007-04-28 09:01:48.996577
33,Anna,Hill,anna.hill@sakilacustomer.org,1,2006-02-14,2,20,88.8,4.44,2007-05-14 13:44:29.996577
375,Aaron,Selby,aaron.selby@sakilacustomer.org,1,2006-02-14,2,20,88.8,4.44,2007-04-29 23:35:29.996577
415,Glenn,Pullen,glenn.pullen@sakilacustomer.org,1,2006-02-14,1,22,88.78,4.035454545454545,2007-04-30 11:20:43.996577
60,Mildred,Bailey,mildred.bailey@sakilacustomer.org,1,2006-02-14,1,22,88.78,4.035454545454545,2007-05-14 13:44:29.996577
231,Georgia,Jacobs,georgia.jacobs@sakilacustomer.org,1,2006-02-14,1,23,88.77,3.8595652173913044,2007-04-30 06:35:07.996577
53,Heather,Morris,heather.morris@sakilacustomer.org,1,2006-02-14,1,24,88.76,3.6983333333333333,2007-05-14 13:44:29.996577
133,Pauline,Henry,pauline.henry@sakilacustomer.org,1,2006-02-14,1,25,88.75,3.55,2007-04-30 10:16:14.996577
72,Theresa,Watson,theresa.watson@sakilacustomer.org,1,2006-02-14,2,27,88.73,3.2862962962962965,2007-04-30 19:33:44.996577
17,Donna,Thompson,donna.thompson@sakilacustomer.org,1,2006-02-14,1,18,87.82,4.878888888888889,2007-04-30 22:11:58.996577
203,Tara,Ryan,tara.ryan@sakilacustomer.org,1,2006-02-14,1,19,87.81,4.6215789473684215,2007-04-30 03:49:58.996577
523,Harvey,Guajardo,harvey.guajardo@sakilacustomer.org,1,2006-02-14,1,20,87.8,4.39,2007-04-30 06:09:24.996577
305,Richard,Mccrary,richard.mccrary@sakilacustomer.org,1,2006-02-14,1,20,87.8,4.39,2007-04-30 07:54:22.996577
476,Derrick,Bourque,derrick.bourque@sakilacustomer.org,1,2006-02-14,1,20,87.8,4.39,2007-05-14 13:44:29.996577
547,Kurt,Emmons,kurt.emmons@sakilacustomer.org,1,2006-02-14,1,20,87.8,4.39,2007-04-29 21:01:20.996577
226,Maureen,Little,maureen.little@sakilacustomer.org,1,2006-02-14,2,21,87.79,4.180476190476191,2007-04-29 12:33:38.996577
189,Loretta,Carpenter,loretta.carpenter@sakilacustomer.org,1,2006-02-14,1,21,87.79,4.180476190476191,2007-04-30 22:47:27.996577
130,Charlotte,Hunter,charlotte.hunter@sakilacustomer.org,1,2006-02-14,1,22,87.78,3.99,2007-04-30 20:47:42.996577
597,Freddie,Duggan,freddie.duggan@sakilacustomer.org,1,2006-02-14,1,23,87.77,3.816086956521739,2007-05-14 13:44:29.996577
351,Jack,Foust,jack.foust@sakilacustomer.org,1,2006-02-14,1,23,87.77,3.816086956521739,2007-04-30 19:49:25.996577
509,Raul,Fortier,raul.fortier@sakilacustomer.org,1,2006-02-14,1,18,86.82,4.823333333333333,2007-04-30 22:53:26.996577
478,Lewis,Lyman,lewis.lyman@sakilacustomer.org,1,2006-02-14,1,19,86.81,4.568947368421052,2007-04-30 20:08:14.996577
501,Ruben,Geary,ruben.geary@sakilacustomer.org,1,2006-02-14,1,19,86.81,4.568947368421052,2007-04-30 17:07:54.996577
238,Nellie,Garrett,nellie.garrett@sakilacustomer.org,1,2006-02-14,1,19,86.81,4.568947368421052,2007-04-30 10:52:45.996577
195,Vanessa,Sims,vanessa.sims@sakilacustomer.org,1,2006-02-14,1,19,86.81,4.568947368421052,2007-04-30 15:58:57.996577
67,Kelly,Torres,kelly.torres@sakilacustomer.org,1,2006-02-14,1,20,86.8,4.34,2007-04-30 04:01:51.996577
169,Erica,Matthews,erica.matthews@sakilacustomer.org,0,2006-02-14,2,20,86.8,4.34,2007-04-30 11:12:06.996577
217,Agnes,Bishop,agnes.bishop@sakilacustomer.org,1,2006-02-14,2,21,86.79,4.132857142857143,2007-04-30 15:42:03.996577
232,Constance,Reid,constance.reid@sakilacustomer.org,1,2006-02-14,2,23,86.77,3.772608695652174,2007-04-30 21:07:14.996577
101,Peggy,Myers,peggy.myers@sakilacustomer.org,1,2006-02-14,1,23,86.77,3.772608695652174,2007-05-14 13:44:29.996577
419,Chad,Carbone,chad.carbone@sakilacustomer.org,1,2006-02-14,1,24,86.76,3.615,2007-04-30 20:50:26.996577
228,Allison,Stanley,allison.stanley@sakilacustomer.org,1,2006-02-14,2,25,86.75,3.47,2007-05-14 13:44:29.996577
561,Ian,Still,ian.still@sakilacustomer.org,1,2006-02-14,2,25,86.75,3.47,2007-05-14 13:44:29.996577
208,Lucy,Wheeler,lucy.wheeler@sakilacustomer.org,1,2006-02-14,1,25,86.75,3.47,2007-05-14 13:44:29.996577
115,Wendy,Harrison,wendy.harrison@sakilacustomer.org,1,2006-02-14,1,27,86.73,3.212222222222222,2007-05-14 13:44:29.996577
567,Alfredo,Mcadams,alfredo.mcadams@sakilacustomer.org,1,2006-02-14,2,20,85.8,4.29,2007-04-30 21:34:59.996577
437,Randall,Neumann,randall.neumann@sakilacustomer.org,1,2006-02-14,2,20,85.8,4.29,2007-04-30 16:28:54.996577
382,Victor,Barkley,victor.barkley@sakilacustomer.org,1,2006-02-14,2,22,85.78,3.899090909090909,2007-04-30 05:59:27.996577
359,Willie,Markham,willie.markham@sakilacustomer.org,1,2006-02-14,2,22,85.78,3.899090909090909,2007-05-14 13:44:29.996577
455,Jon,Wiles,jon.wiles@sakilacustomer.org,1,2006-02-14,2,22,85.78,3.899090909090909,2007-04-29 00:56:51.996577
24,Kimberly,Lee,kimberly.lee@sakilacustomer.org,1,2006-02-14,2,23,85.77,3.7291304347826086,2007-04-30 13:37:13.996577
8,Susan,Wilson,susan.wilson@sakilacustomer.org,1,2006-02-14,2,23,85.77,3.7291304347826086,2007-04-30 20:36:55.996577
77,Jane,Bennett,jane.bennett@sakilacustomer.org,1,2006-02-14,2,23,85.77,3.7291304347826086,2007-04-30 22:37:59.996577
450,Jay,Robb,jay.robb@sakilacustomer.org,1,2006-02-14,1,25,85.75,3.43,2007-05-14 13:44:29.996577
542,Lonnie,Tirado,lonnie.tirado@sakilacustomer.org,1,2006-02-14,2,16,84.84,5.3025,2007-04-29 09:30:34.996577
55,Doris,Reed,doris.reed@sakilacustomer.org,1,2006-02-14,2,19,84.81,4.463684210526316,2007-04-30 15:03:23.996577
545,Julio,Noland,julio.noland@sakilacustomer.org,1,2006-02-14,2,19,84.81,4.463684210526316,2007-04-30 14:04:09.996577
539,Mathew,Bolin,mathew.bolin@sakilacustomer.org,1,2006-02-14,1,20,84.8,4.24,2007-04-30 12:46:42.996577
88,Bonnie,Hughes,bonnie.hughes@sakilacustomer.org,1,2006-02-14,2,20,84.8,4.24,2007-04-29 15:12:05.996577
299,James,Gannon,james.gannon@sakilacustomer.org,1,2006-02-14,2,21,84.79,4.037619047619048,2007-04-30 23:19:20.996577
6,Jennifer,Davis,jennifer.davis@sakilacustomer.org,1,2006-02-14,2,25,84.75,3.39,2007-04-28 17:15:49.996577
140,Eva,Ramos,eva.ramos@sakilacustomer.org,1,2006-02-14,1,18,83.82,4.656666666666666,2007-04-30 18:50:01.996577
480,Corey,Hauser,corey.hauser@sakilacustomer.org,1,2006-02-14,1,19,83.81,4.411052631578947,2007-04-30 16:22:05.996577
143,Leslie,Gordon,leslie.gordon@sakilacustomer.org,1,2006-02-14,1,20,83.8,4.19,2007-04-30 19:44:57.996577
440,Bernard,Colby,bernard.colby@sakilacustomer.org,1,2006-02-14,1,21,83.79,3.99,2007-05-14 13:44:29.996577
598,Wade,Delvalle,wade.delvalle@sakilacustomer.org,1,2006-02-14,1,22,83.78,3.808181818181818,2007-04-30 17:44:18.996577
340,Patrick,Newsom,patrick.newsom@sakilacustomer.org,1,2006-02-14,1,23,83.77,3.6421739130434783,2007-04-30 10:34:08.996577
496,Tyler,Wren,tyler.wren@sakilacustomer.org,1,2006-02-14,2,19,82.81,4.358421052631579,2007-05-14 13:44:29.996577
564,Bob,Pfeiffer,bob.pfeiffer@sakilacustomer.org,1,2006-02-14,2,22,82.78,3.7627272727272727,2007-04-30 20:10:01.996577
498,Gene,Sanborn,gene.sanborn@sakilacustomer.org,1,2006-02-14,1,24,82.76,3.4483333333333333,2007-04-30 05:28:34.996577
524,Jared,Ely,jared.ely@sakilacustomer.org,1,2006-02-14,1,17,81.83,4.813529411764706,2007-04-29 07:58:10.996577
483,Vernon,Chapa,vernon.chapa@sakilacustomer.org,1,2006-02-14,2,17,81.83,4.813529411764706,2007-04-29 03:27:22.996577
322,Jason,Morrissey,jason.morrissey@sakilacustomer.org,1,2006-02-14,1,19,81.81,4.305789473684211,2007-04-30 12:48:25.996577
308,Thomas,Grigsby,thomas.grigsby@sakilacustomer.org,1,2006-02-14,1,19,81.81,4.305789473684211,2007-04-30 21:50:35.996577
174,Yvonne,Watkins,yvonne.watkins@sakilacustomer.org,1,2006-02-14,2,19,81.81,4.305789473684211,2007-04-30 15:02:55.996577
165,Lorraine,Stephens,lorraine.stephens@sakilacustomer.org,1,2006-02-14,2,20,81.8,4.09,2007-04-30 10:35:24.996577
312,Mark,Rinehart,mark.rinehart@sakilacustomer.org,1,2006-02-14,2,20,81.8,4.09,2007-04-30 09:28:20.996577
4,Barbara,Jones,barbara.jones@sakilacustomer.org,1,2006-02-14,2,22,81.78,3.7172727272727273,2007-04-30 17:26:26.996577
534,Christian,Jung,christian.jung@sakilacustomer.org,0,2006-02-14,1,22,81.78,3.7172727272727273,2007-05-14 13:44:29.996577
527,Cory,Meehan,cory.meehan@sakilacustomer.org,1,2006-02-14,1,24,81.76,3.4066666666666667,2007-05-14 13:44:29.996577
215,Jessie,Banks,jessie.banks@sakilacustomer.org,1,2006-02-14,2,24,81.76,3.4066666666666667,2007-05-14 13:44:29.996577
151,Megan,Palmer,megan.palmer@sakilacustomer.org,1,2006-02-14,2,25,81.75,3.27,2007-04-30 18:30:28.996577
311,Paul,Trout,paul.trout@sakilacustomer.org,1,2006-02-14,2,15,80.85,5.39,2007-04-30 22:31:04.996577
449,Oscar,Aquino,oscar.aquino@sakilacustomer.org,1,2006-02-14,2,17,80.83,4.754705882352941,2007-04-30 18:38:45.996577
205,Eileen,Carr,eileen.carr@sakilacustomer.org,1,2006-02-14,2,18,80.82,4.49,2007-04-30 18:42:34.996577
316,Steven,Curley,steven.curley@sakilacustomer.org,1,2006-02-14,1,19,80.81,4.253157894736842,2007-04-30 22:51:05.996577
184,Vivian,Ruiz,vivian.ruiz@sakilacustomer.org,1,2006-02-14,1,20,80.8,4.04,2007-04-30 09:50:22.996577
287,Becky,Miles,becky.miles@sakilacustomer.org,1,2006-02-14,2,22,80.78,3.671818181818182,2007-05-14 13:44:29.996577
290,Kristina,Chambers,kristina.chambers@sakilacustomer.org,1,2006-02-14,1,22,80.78,3.671818181818182,2007-04-30 23:02:18.996577
521,Roland,South,roland.south@sakilacustomer.org,1,2006-02-14,2,23,80.77,3.5117391304347825,2007-05-14 13:44:29.996577
357,Keith,Rico,keith.rico@sakilacustomer.org,1,2006-02-14,1,23,80.77,3.5117391304347825,2007-04-30 12:12:41.996577
304,David,Royal,david.royal@sakilacustomer.org,1,2006-02-14,2,19,79.81,4.200526315789474,2007-04-30 15:58:14.996577
109,Edna,West,edna.west@sakilacustomer.org,1,2006-02-14,2,19,79.81,4.200526315789474,2007-04-30 12:08:08.996577
282,Jenny,Castro,jenny.castro@sakilacustomer.org,1,2006-02-14,2,20,79.8,3.99,2007-05-14 13:44:29.996577
185,Roberta,Harper,roberta.harper@sakilacustomer.org,1,2006-02-14,1,20,79.8,3.99,2007-04-30 21:32:39.996577
387,Jesse,Schilling,jesse.schilling@sakilacustomer.org,1,2006-02-14,2,22,79.78,3.6263636363636365,2007-04-28 16:55:55.996577
391,Clarence,Gamez,clarence.gamez@sakilacustomer.org,1,2006-02-14,1,25,79.75,3.19,2007-04-30 23:27:18.996577
429,Frederick,Isbell,frederick.isbell@sakilacustomer.org,1,2006-02-14,2,16,78.84,4.9275,2007-04-30 11:13:00.996577
599,Austin,Cintron,austin.cintron@sakilacustomer.org,1,2006-02-14,2,18,78.82,4.378888888888889,2007-04-30 05:09:45.996577
18,Carol,Garcia,carol.garcia@sakilacustomer.org,1,2006-02-14,2,19,78.81,4.1478947368421055,2007-04-30 07:41:47.996577
338,Dennis,Gilman,dennis.gilman@sakilacustomer.org,1,2006-02-14,1,20,78.8,3.94,2007-04-30 22:01:06.996577
9,Margaret,Moore,margaret.moore@sakilacustomer.org,1,2006-02-14,2,20,78.8,3.94,2007-05-14 13:44:29.996577
298,Erika,Pena,erika.pena@sakilacustomer.org,1,2006-02-14,1,21,78.79,3.751904761904762,2007-04-29 17:00:39.996577
62,Joan,Cooper,joan.cooper@sakilacustomer.org,1,2006-02-14,1,21,78.79,3.751904761904762,2007-04-30 18:35:36.996577
227,Colleen,Burton,colleen.burton@sakilacustomer.org,1,2006-02-14,1,22,78.78,3.580909090909091,2007-05-14 13:44:29.996577
435,Ricky,Shelby,ricky.shelby@sakilacustomer.org,1,2006-02-14,2,23,78.77,3.424782608695652,2007-04-30 13:30:59.996577
223,Melinda,Fernandez,melinda.fernandez@sakilacustomer.org,1,2006-02-14,1,16,77.84,4.865,2007-04-30 17:44:05.996577
402,Luis,Yanez,luis.yanez@sakilacustomer.org,1,2006-02-14,1,19,77.81,4.0952631578947365,2007-04-30 08:36:59.996577
134,Emma,Boyd,emma.boyd@sakilacustomer.org,1,2006-02-14,1,19,77.81,4.0952631578947365,2007-04-29 13:27:30.996577
394,Chris,Brothers,chris.brothers@sakilacustomer.org,1,2006-02-14,2,20,77.8,3.89,2007-05-14 13:44:29.996577
384,Ernest,Stepp,ernest.stepp@sakilacustomer.org,1,2006-02-14,2,21,77.79,3.704285714285714,2007-04-29 06:06:14.996577
104,Rita,Graham,rita.graham@sakilacustomer.org,1,2006-02-14,1,22,77.78,3.5354545454545456,2007-04-30 16:00:29.996577
243,Lydia,Burke,lydia.burke@sakilacustomer.org,1,2006-02-14,1,23,77.77,3.381304347826087,2007-04-30 22:58:10.996577
246,Marian,Mendoza,marian.mendoza@sakilacustomer.org,1,2006-02-14,1,18,76.82,4.267777777777778,2007-04-30 23:30:44.996577
93,Phyllis,Foster,phyllis.foster@sakilacustomer.org,1,2006-02-14,1,20,76.8,3.84,2007-04-28 22:44:49.996577
118,Kim,Cruz,kim.cruz@sakilacustomer.org,1,2006-02-14,1,20,76.8,3.84,2007-04-30 17:33:01.996577
224,Pearl,Garza,pearl.garza@sakilacustomer.org,1,2006-02-14,2,22,76.78,3.49,2007-04-30 10:34:24.996577
70,Christina,Ramirez,christina.ramirez@sakilacustomer.org,1,2006-02-14,2,17,75.83,4.460588235294118,2007-04-29 17:36:23.996577
270,Leah,Curtis,leah.curtis@sakilacustomer.org,1,2006-02-14,1,19,75.81,3.99,2007-04-30 18:11:44.996577
358,Samuel,Marlow,samuel.marlow@sakilacustomer.org,1,2006-02-14,2,20,75.8,3.79,2007-04-30 23:01:53.996577
551,Clayton,Barbee,clayton.barbee@sakilacustomer.org,1,2006-02-14,2,21,75.79,3.609047619047619,2007-04-30 14:04:05.996577
183,Ida,Andrews,ida.andrews@sakilacustomer.org,1,2006-02-14,2,22,75.78,3.4445454545454544,2007-04-30 13:46:45.996577
530,Darryl,Ashcraft,darryl.ashcraft@sakilacustomer.org,1,2006-02-14,2,22,75.78,3.4445454545454544,2007-05-14 13:44:29.996577
194,Kristen,Chavez,kristen.chavez@sakilacustomer.org,1,2006-02-14,2,16,74.84,4.6775,2007-04-30 05:53:21.996577
412,Allen,Butterfield,allen.butterfield@sakilacustomer.org,1,2006-02-14,2,17,74.83,4.401764705882353,2007-05-14 13:44:29.996577
555,Dwight,Lombardi,dwight.lombardi@sakilacustomer.org,1,2006-02-14,1,17,74.83,4.401764705882353,2007-04-30 18:29:00.996577
327,Larry,Thrasher,larry.thrasher@sakilacustomer.org,1,2006-02-14,2,19,74.81,3.9373684210526316,2007-05-14 13:44:29.996577
420,Jacob,Lance,jacob.lance@sakilacustomer.org,1,2006-02-14,1,20,74.8,3.74,2007-04-30 17:12:42.996577
76,Irene,Price,irene.price@sakilacustomer.org,1,2006-02-14,2,21,74.79,3.5614285714285714,2007-04-30 18:37:58.996577
142,April,Burns,april.burns@sakilacustomer.org,1,2006-02-14,1,23,74.77,3.2508695652173913,2007-05-14 13:44:29.996577
398,Antonio,Meek,antonio.meek@sakilacustomer.org,1,2006-02-14,1,15,73.85,4.923333333333333,2007-04-30 13:44:17.996577
291,Toni,Holt,toni.holt@sakilacustomer.org,1,2006-02-14,1,17,73.83,4.342941176470588,2007-04-30 13:24:12.996577
399,Danny,Isom,danny.isom@sakilacustomer.org,1,2006-02-14,1,18,73.82,4.101111111111111,2007-04-30 07:09:20.996577
152,Alicia,Mills,alicia.mills@sakilacustomer.org,1,2006-02-14,1,19,73.81,3.884736842105263,2007-05-14 13:44:29.996577
79,Rachel,Barnes,rachel.barnes@sakilacustomer.org,1,2006-02-14,1,19,73.81,3.884736842105263,2007-04-30 15:51:05.996577
428,Herbert,Kruger,herbert.kruger@sakilacustomer.org,1,2006-02-14,2,19,73.81,3.884736842105263,2007-04-30 15:37:28.996577
543,Lance,Pemberton,lance.pemberton@sakilacustomer.org,1,2006-02-14,1,20,73.8,3.69,2007-04-30 22:39:45.996577
596,Enrique,Forsythe,enrique.forsythe@sakilacustomer.org,1,2006-02-14,1,22,73.78,3.3536363636363635,2007-05-14 13:44:29.996577
335,Gregory,Mauldin,gregory.mauldin@sakilacustomer.org,1,2006-02-14,1,22,73.78,3.3536363636363635,2007-05-14 13:44:29.996577
411,Norman,Currier,norman.currier@sakilacustomer.org,1,2006-02-14,1,24,73.76,3.0733333333333333,2007-05-14 13:44:29.996577
95,Paula,Bryant,paula.bryant@sakilacustomer.org,1,2006-02-14,2,17,72.83,4.284117647058824,2007-04-30 20:12:56.996577
556,Armando,Gruber,armando.gruber@sakilacustomer.org,1,2006-02-14,2,18,72.82,4.045555555555556,2007-04-30 19:29:13.996577
325,Timothy,Bunn,timothy.bunn@sakilacustomer.org,1,2006-02-14,1,18,72.82,4.045555555555556,2007-04-30 18:14:55.996577
85,Anne,Powell,anne.powell@sakilacustomer.org,1,2006-02-14,2,21,72.79,3.466190476190476,2007-04-30 19:44:59.996577
301,Robert,Baughman,robert.baughman@sakilacustomer.org,1,2006-02-14,2,15,71.85,4.79,2007-04-30 19:59:28.996577
222,Delores,Hansen,delores.hansen@sakilacustomer.org,1,2006-02-14,2,16,71.84,4.49,2007-04-30 17:30:33.996577
94,Norma,Gonzales,norma.gonzales@sakilacustomer.org,1,2006-02-14,1,19,71.81,3.7794736842105263,2007-05-14 13:44:29.996577
430,Ray,Houle,ray.houle@sakilacustomer.org,1,2006-02-14,1,20,71.8,3.59,2007-04-30 20:32:30.996577
278,Billie,Horton,billie.horton@sakilacustomer.org,1,2006-02-14,2,21,71.79,3.4185714285714286,2007-04-30 20:24:39.996577
177,Samantha,Duncan,samantha.duncan@sakilacustomer.org,1,2006-02-14,2,23,71.77,3.1204347826086956,2007-04-30 10:52:43.996577
255,Irma,Pearson,irma.pearson@sakilacustomer.org,1,2006-02-14,2,18,70.82,3.9344444444444444,2007-04-30 05:50:18.996577
378,Eugene,Culpepper,eugene.culpepper@sakilacustomer.org,1,2006-02-14,1,18,70.82,3.9344444444444444,2007-04-30 11:48:34.996577
370,Wayne,Truong,wayne.truong@sakilacustomer.org,1,2006-02-14,2,19,70.81,3.7268421052631577,2007-04-30 19:07:01.996577
303,William,Satterfield,william.satterfield@sakilacustomer.org,1,2006-02-14,2,19,70.81,3.7268421052631577,2007-04-30 23:25:13.996577
117,Edith,Mcdonald,edith.mcdonald@sakilacustomer.org,1,2006-02-14,1,17,69.83,4.107647058823529,2007-04-29 14:47:43.996577
369,Fred,Wheat,fred.wheat@sakilacustomer.org,1,2006-02-14,2,21,69.79,3.3233333333333333,2007-05-14 13:44:29.996577
514,Franklin,Troutman,franklin.troutman@sakilacustomer.org,1,2006-02-14,2,21,69.79,3.3233333333333333,2007-04-30 04:52:01.996577
310,Daniel,Cabral,daniel.cabral@sakilacustomer.org,1,2006-02-14,2,13,68.87,5.297692307692308,2007-04-30 23:47:28.996577
465,Floyd,Gandy,floyd.gandy@sakilacustomer.org,1,2006-02-14,1,16,68.84,4.3025,2007-04-27 19:01:34.996577
525,Adrian,Clary,adrian.clary@sakilacustomer.org,1,2006-02-14,2,18,68.82,3.8233333333333333,2007-05-14 13:44:29.996577
355,Terry,Grissom,terry.grissom@sakilacustomer.org,1,2006-02-14,2,19,68.81,3.621578947368421,2007-05-14 13:44:29.996577
283,Felicia,Sutton,felicia.sutton@sakilacustomer.org,1,2006-02-14,1,23,68.77,2.99,2007-04-30 21:41:19.996577
48,Ann,Evans,ann.evans@sakilacustomer.org,1,2006-02-14,1,14,67.86,4.847142857142857,2007-04-30 18:46:53.996577
464,Jerome,Kenyon,jerome.kenyon@sakilacustomer.org,1,2006-02-14,1,14,67.86,4.847142857142857,2007-04-30 02:04:00.996577
315,Kenneth,Gooden,kenneth.gooden@sakilacustomer.org,0,2006-02-14,2,14,67.86,4.847142857142857,2007-05-14 13:44:29.996577
218,Vera,Mccoy,vera.mccoy@sakilacustomer.org,1,2006-02-14,1,18,67.82,3.767777777777778,2007-04-30 19:41:24.996577
191,Jeanette,Greene,jeanette.greene@sakilacustomer.org,1,2006-02-14,1,18,66.82,3.712222222222222,2007-05-14 13:44:29.996577
458,Lloyd,Dowd,lloyd.dowd@sakilacustomer.org,1,2006-02-14,1,19,66.81,3.5163157894736843,2007-04-28 19:37:12.996577
568,Alberto,Henning,alberto.henning@sakilacustomer.org,1,2006-02-14,2,21,66.79,3.1804761904761905,2007-05-14 13:44:29.996577
272,Kay,Caldwell,kay.caldwell@sakilacustomer.org,1,2006-02-14,1,13,65.87,5.066923076923077,2007-04-30 08:54:45.996577
353,Jonathan,Scarborough,jonathan.scarborough@sakilacustomer.org,1,2006-02-14,1,17,65.83,3.8723529411764708,2007-04-30 18:18:01.996577
328,Jeffrey,Spear,jeffrey.spear@sakilacustomer.org,1,2006-02-14,2,17,65.83,3.8723529411764708,2007-04-30 10:36:01.996577
413,Marvin,Yee,marvin.yee@sakilacustomer.org,1,2006-02-14,2,19,65.81,3.4636842105263157,2007-04-28 03:29:44.996577
164,Joann,Gardner,joann.gardner@sakilacustomer.org,1,2006-02-14,2,15,64.85,4.323333333333333,2007-04-29 20:51:24.996577
344,Henry,Billingsley,henry.billingsley@sakilacustomer.org,1,2006-02-14,1,16,64.84,4.0525,2007-04-30 08:56:47.996577
326,Jose,Andrew,jose.andrew@sakilacustomer.org,1,2006-02-14,1,18,64.82,3.601111111111111,2007-04-30 22:05:25.996577
313,Donald,Mahon,donald.mahon@sakilacustomer.org,1,2006-02-14,2,16,63.84,3.99,2007-04-30 10:40:26.996577
548,Allan,Cornish,allan.cornish@sakilacustomer.org,1,2006-02-14,1,16,63.84,3.99,2007-05-14 13:44:29.996577
350,Juan,Fraley,juan.fraley@sakilacustomer.org,1,2006-02-14,1,21,63.79,3.0376190476190477,2007-04-27 15:23:51.996577
557,Felix,Gaffney,felix.gaffney@sakilacustomer.org,1,2006-02-14,1,22,63.78,2.899090909090909,2007-05-14 13:44:29.996577
492,Lester,Kraus,lester.kraus@sakilacustomer.org,1,2006-02-14,2,15,62.85,4.19,2007-04-27 07:29:49.996577
549,Nelson,Christenson,nelson.christenson@sakilacustomer.org,1,2006-02-14,1,16,62.84,3.9275,2007-04-30 22:53:31.996577
401,Tony,Carranza,tony.carranza@sakilacustomer.org,1,2006-02-14,2,19,62.81,3.3057894736842104,2007-04-30 21:57:31.996577
330,Scott,Shelley,scott.shelley@sakilacustomer.org,1,2006-02-14,1,18,60.82,3.378888888888889,2007-05-14 13:44:29.996577
136,Anita,Morales,anita.morales@sakilacustomer.org,1,2006-02-14,2,14,59.86,4.275714285714286,2007-04-30 15:43:53.996577
162,Lauren,Hudson,lauren.hudson@sakilacustomer.org,1,2006-02-14,2,17,59.83,3.5194117647058825,2007-05-14 13:44:29.996577
159,Jill,Hawkins,jill.hawkins@sakilacustomer.org,1,2006-02-14,1,17,58.83,3.4605882352941175,2007-04-30 13:23:37.996577
97,Annie,Russell,annie.russell@sakilacustomer.org,1,2006-02-14,2,18,58.82,3.267777777777778,2007-04-30 01:47:54.996577
252,Mattie,Hoffman,mattie.hoffman@sakilacustomer.org,1,2006-02-14,2,20,58.8,2.94,2007-05-14 13:44:29.996577
61,Katherine,Rivera,katherine.rivera@sakilacustomer.org,1,2006-02-14,2,13,57.87,4.451538461538462,2007-04-30 01:57:33.996577
124,Sheila,Wells,sheila.wells@sakilacustomer.org,0,2006-02-14,1,14,57.86,4.132857142857143,2007-04-30 15:45:16.996577
395,Johnny,Turpin,johnny.turpin@sakilacustomer.org,1,2006-02-14,2,19,57.81,3.0426315789473684,2007-04-28 12:58:39.996577
271,Penny,Neal,penny.neal@sakilacustomer.org,0,2006-02-14,1,16,56.84,3.5525,2007-04-30 20:40:09.996577
250,Jo,Fowler,jo.fowler@sakilacustomer.org,1,2006-02-14,2,15,54.85,3.6566666666666667,2007-04-30 07:14:14.996577
288,Bobbie,Craig,bobbie.craig@sakilacustomer.org,1,2006-02-14,1,19,52.81,2.7794736842105263,2007-04-30 19:47:52.996577
586,Kirk,Stclair,kirk.stclair@sakilacustomer.org,1,2006-02-14,1,17,50.83,2.99,2007-04-30 12:38:14.996577
110,Tiffany,Jordan,tiffany.jordan@sakilacustomer.org,1,2006-02-14,2,12,49.88,4.156666666666666,2007-04-27 21:08:32.996577
320,Anthony,Schwab,anthony.schwab@sakilacustomer.org,1,2006-02-14,2,15,47.85,3.19,2007-04-30 22:51:08.996577
248,Caroline,Bowman,caroline.bowman@sakilacustomer.org,1,2006-02-14,1,13,37.87,2.913076923076923,2007-04-28 05:38:37.996577
281,Leona,Obrien,leona.obrien@sakilacustomer.org,1,2006-02-14,2,10,32.9,3.29,2007-04-28 20:33:50.996577
318,Brian,Wyman,brian.wyman@sakilacustomer.org,1,2006-02-14,1,7,27.93,3.99,2007-04-30 16:54:17.996577
