title,category,rental_rate,total_rentals,total_revenue,revenue_per_rental
Telegraph Voyage,Music,4.99,27,215.75,7.9907407407407405
Zorro Ark,Comedy,4.99,31,199.72,6.44258064516129
Wife Turn,Documentary,4.99,31,198.73,6.410645161290322
Innocent Usual,Foreign,4.99,26,191.74,7.374615384615385
Hustler Party,Comedy,4.99,22,190.78,8.671818181818182
Saturday Lambs,Sports,4.99,28,190.74,6.812142857142858
Titans Jerk,Sci-Fi,4.99,29,186.73,6.438965517241379
Harry Idaho,Drama,4.99,30,177.73,5.924333333333333
Torque Bound,Drama,4.99,27,169.76,6.287407407407407
Dogma Family,Animation,4.99,30,168.72,5.624
Pelican Comforts,Documentary,4.99,26,165.77,6.375769230769231
Goodfellas Salute,Sci-Fi,4.99,31,164.75,5.314516129032258
Fool Mockingbird,Action,4.99,23,162.79,7.077826086956521
Apache Divine,Family,4.99,31,160.72,5.184516129032258
Enemy Odds,Music,4.99,29,159.75,5.508620689655173
Cat Coneheads,Comedy,4.99,30,159.73,5.324333333333333
Scorpion Apollo,Drama,4.99,23,158.79,6.90391304347826
Range Moonwalker,Family,4.99,27,158.77,5.880370370370371
Scalawag Duck,Music,4.99,32,157.71,4.9284375
Sunrise League,Animation,4.99,24,155.78,6.490833333333334
Lola Agent,Horror,4.99,24,154.77,6.44875
Maiden Home,New,4.99,24,152.78,6.365833333333334
Velvet Terminator,Comedy,4.99,26,152.77,5.875769230769231
Closer Bang,Comedy,4.99,28,152.76,5.4557142857142855
Bucket Brotherhood,Travel,4.99,34,150.72,4.432941176470588
Sting Personal,New,4.99,21,149.8,7.133333333333334
Titanic Boondock,Animation,4.99,23,149.78,6.512173913043478
Massacre Usual,Games,4.99,30,149.75,4.991666666666666
Nightmare Chill,Games,4.99,25,148.79,5.9516
Videotape Arsenic,Games,4.99,29,148.76,5.129655172413793
American Circus,Action,4.99,22,146.81,6.673181818181818
Witches Panic,Drama,4.99,30,146.75,4.891666666666667
Show Lord,Documentary,4.99,25,145.78,5.8312
Minds Truman,Action,4.99,20,144.81,7.2405
Working Microcosmos,Travel,4.99,25,144.78,5.7912
Wonderland Christmas,Sci-Fi,4.99,22,142.79,6.490454545454545
Head Stranger,Games,4.99,22,142.79,6.490454545454545
Whisperer Giant,Sci-Fi,4.99,22,141.8,6.445454545454546
Forrester Comancheros,Animation,4.99,27,141.74,5.24962962962963
Backlash Undefeated,Children,4.99,19,140.84,7.4126315789473685
Dorado Notting,Music,4.99,27,140.78,5.214074074074074
Boogie Amelie,Music,4.99,29,140.74,4.853103448275863
Secrets Paradise,Family,4.99,20,139.82,6.991
Mine Titans,New,4.99,19,138.83,7.306842105263159
Pity Bound,Drama,4.99,26,138.77,5.337307692307693
Stagecoach Armageddon,Action,4.99,26,138.77,5.337307692307693
Roses Treasure,Sports,4.99,28,137.77,4.920357142857143
Streetcar Intentions,Horror,4.99,25,137.77,5.510800000000001
Fellowship Autumn,Travel,4.99,26,137.76,5.298461538461538
Steel Santa,Classics,4.99,23,136.78,5.94695652173913
Confidential Interview,Music,4.99,29,136.76,4.715862068965517
Trip Newton,Action,4.99,28,135.74,4.847857142857143
Flintstones Happiness,Comedy,4.99,17,134.83,7.931176470588236
Garden Island,Sci-Fi,4.99,20,134.82,6.741
Eagles Panky,New,4.99,22,134.81,6.127727272727273
Suit Walls,Games,4.99,21,134.81,6.41952380952381
Flamingos Connecticut,New,4.99,23,134.78,5.86
Attraction Newton,New,4.99,24,133.78,5.574166666666667
Trading Pinocchio,Sports,4.99,25,133.77,5.3508000000000004
Heartbreakers Bright,Children,4.99,20,132.8,6.640000000000001
Easy Gladiator,Action,4.99,23,132.8,5.773913043478261
Durham Panky,Sports,4.99,26,132.76,5.106153846153846
Moonshine Cabin,Games,4.99,21,131.8,6.276190476190477
Name Detective,Games,4.99,23,131.78,5.729565217391304
Drifter Commandments,Action,4.99,24,131.78,5.490833333333334
Aladdin Calendar,Sports,4.99,23,131.77,5.7291304347826095
Lies Treatment,Drama,4.99,27,131.76,4.88
Coneheads Smoochy,Drama,4.99,25,131.76,5.2703999999999995
Midsummer Groundhog,Documentary,4.99,22,129.82,5.90090909090909
Details Packer,Games,4.99,19,128.82,6.779999999999999
Queen Luke,Drama,4.99,22,128.79,5.854090909090909
Tourist Pelican,Sports,4.99,22,126.81,5.76409090909091
Sabrina Midnight,Children,4.99,21,126.79,6.037619047619048
Kiss Glory,Foreign,4.99,22,126.79,5.763181818181819
Liaisons Sweet,Travel,4.99,22,126.79,5.763181818181819
Seattle Expecations,Drama,4.99,24,125.8,5.241666666666666
Beauty Grease,Drama,4.99,22,125.79,5.717727272727273
Movie Shakespeare,Family,4.99,27,125.78,4.658518518518519
Gleaming Jawbreaker,Sports,2.99,29,125.72,4.335172413793104
Chance Resurrection,Sports,2.99,27,124.76,4.620740740740741
Calendar Gunfight,Foreign,4.99,21,123.82,5.896190476190476
Heavyweights Beast,Documentary,4.99,23,123.78,5.381739130434783
Satisfaction Confidential,Sports,4.99,17,122.84,7.225882352941177
Yentl Idaho,Horror,4.99,23,122.79,5.3386956521739135
Coma Head,Travel,4.99,26,122.77,4.721923076923077
Center Dinosaur,Classics,4.99,24,121.79,5.074583333333334
Sleeping Suspects,Horror,4.99,24,121.78,5.074166666666667
Princess Giant,Documentary,2.99,27,121.77,4.51
Pulp Beverly,Horror,2.99,30,121.74,4.058
Kissing Dolls,Action,4.99,20,120.83,6.0415
Dawn Pond,Games,4.99,18,120.83,6.712777777777777
Something Duck,Drama,4.99,19,120.82,6.3589473684210525
Trap Guys,Foreign,4.99,16,119.85,7.490625
Pinocchio Simon,Comedy,4.99,20,119.82,5.991
Rage Games,Family,4.99,19,119.81,6.305789473684211
Bingo Talented,Sci-Fi,2.99,29,119.75,4.129310344827586
Doors President,Animation,4.99,19,118.82,6.253684210526315
Desert Poseidon,Horror,4.99,19,118.81,6.253157894736842
Maltese Hope,Games,4.99,22,118.79,5.399545454545454
Suspects Quills,Action,2.99,30,118.73,3.957666666666667
Fidelity Devil,Horror,4.99,21,117.82,5.61047619047619
Snatch Slipper,Comedy,4.99,22,117.8,5.3545454545454545
High Encino,Horror,2.99,22,117.79,5.3540909090909095
Waterfront Deliverance,Action,4.99,17,116.84,6.872941176470588
Metropolis Coma,Sci-Fi,2.99,26,116.76,4.490769230769231
Network Peak,Family,2.99,31,116.73,3.765483870967742
Hunchback Impossible,Drama,4.99,20,115.83,5.7915
Road Roxanne,Documentary,4.99,19,115.83,6.096315789473684
Freddy Storm,Horror,4.99,23,115.79,5.0343478260869565
Beverly Outlaw,Sci-Fi,2.99,21,115.79,5.513809523809524
Conversation Downhill,Family,4.99,17,114.83,6.754705882352941
Cause Date,Documentary,2.99,21,114.81,5.467142857142857
Whale Bikini,Foreign,4.99,18,113.85,6.324999999999999
Lady Stage,Horror,4.99,17,113.84,6.696470588235294
Redemption Comforts,New,2.99,20,113.8,5.6899999999999995
Strictly Scarface,Comedy,2.99,23,113.77,4.946521739130435
Secretary Rouge,Sports,4.99,18,112.82,6.267777777777777
Agent Truman,Foreign,2.99,21,111.81,5.324285714285715
Money Harold,New,2.99,20,111.8,5.59
Candles Grapes,Games,4.99,23,111.8,4.860869565217391
Mission Zoolander,Animation,4.99,18,110.84,6.157777777777778
Interview Liaisons,New,4.99,20,110.82,5.5409999999999995
Prejudice Oleander,Classics,4.99,20,110.81,5.5405
Ridgemont Submarine,New,0.99,32,110.72,3.46
Teen Apollo,Travel,4.99,17,109.86,6.46235294117647
Shawshank Bubble,Travel,4.99,19,109.81,5.779473684210527
Horn Working,Animation,2.99,24,109.77,4.5737499999999995
Arachnophobia Rollercoaster,Horror,2.99,24,109.77,4.5737499999999995
Butterfly Chocolat,New,0.99,30,108.74,3.6246666666666667
Command Darling,Foreign,4.99,16,107.84,6.74
Ghost Groundhog,Children,4.99,21,107.81,5.133809523809524
Philadelphia Wife,Sports,4.99,23,107.8,4.6869565217391305
Scarface Bang,Children,4.99,18,106.84,5.935555555555556
Spice Sorority,Drama,4.99,20,106.81,5.3405000000000005
Falcon Volume,Animation,4.99,22,106.81,4.855
Brooklyn Desert,Foreign,4.99,21,106.81,5.086190476190477
Virtual Spoilers,Family,4.99,14,105.87,7.562142857142858
Galaxy Sweethearts,Classics,4.99,18,105.84,5.88
League Hellfighters,Classics,4.99,17,105.83,6.225294117647059
Chasing Fight,Family,4.99,20,105.82,5.2909999999999995
Requiem Tycoon,Classics,4.99,19,105.82,5.569473684210526
Secret Groundhog,Documentary,4.99,21,105.81,5.038571428571428
Reign Gentlemen,Sci-Fi,2.99,20,105.81,5.2905
Driving Polish,Music,4.99,21,105.81,5.038571428571428
Clueless Bucket,Action,2.99,25,105.77,4.2307999999999995
Strangers Graffiti,Horror,4.99,17,104.86,6.168235294117647
Breakfast Goldfinger,New,4.99,17,104.84,6.167058823529412
Jerk Paycheck,Classics,2.99,20,104.81,5.2405
Truman Crazy,Action,4.99,23,104.8,4.556521739130434
Wash Heavenly,Foreign,4.99,23,104.8,4.556521739130434
Arizona Bang,Classics,2.99,21,104.79,4.99
Hanky October,Sci-Fi,2.99,26,104.77,4.029615384615385
Tycoon Gathering,Games,4.99,12,103.88,8.656666666666666
Million Ace,Classics,4.99,20,103.83,5.1915
Sleepless Monsoon,Animation,4.99,20,103.83,5.1915
Open African,Sci-Fi,4.99,21,103.81,4.943333333333333
Angels Life,New,2.99,22,103.8,4.718181818181818
Cupboard Sinners,Documentary,2.99,23,103.78,4.512173913043478
Greatest North,Music,2.99,29,103.73,3.576896551724138
Birds Perdition,New,4.99,18,102.83,5.712777777777777
Undefeated Dalmations,Horror,4.99,21,102.81,4.895714285714286
South Wait,Action,2.99,22,102.79,4.672272727272728
Forward Temple,Games,2.99,32,102.74,3.210625
Timberland Sky,Classics,0.99,31,102.74,3.3141935483870966
Paycheck Wait,Drama,4.99,16,101.84,6.365
Attacks Hate,Sci-Fi,4.99,16,101.84,6.365
Expecations Natural,Travel,4.99,18,101.83,5.657222222222222
Sweden Shining,Comedy,4.99,18,101.83,5.657222222222222
Tomorrow Hustler,Classics,2.99,25,101.76,4.0704
Samurai Lion,New,2.99,25,101.76,4.0704
Poseidon Forever,Sports,4.99,17,100.83,5.931176470588235
Invasion Cyclone,Children,2.99,27,100.74,3.731111111111111
Giant Troopers,Children,2.99,28,100.74,3.597857142857143
Confused Candles,Family,2.99,17,99.84,5.872941176470588
Stepmom Dream,Foreign,4.99,20,99.81,4.9905
Knock Warlock,Comedy,2.99,24,99.79,4.157916666666667
English Bulworth,Sci-Fi,0.99,30,99.74,3.3246666666666664
Hall Cassidy,Children,4.99,16,98.84,6.1775
Egg Igby,Documentary,2.99,21,98.81,4.705238095238095
Brotherhood Blanket,Documentary,0.99,26,98.77,3.7988461538461538
Thief Pelican,Animation,4.99,19,97.84,5.149473684210527
Jason Trap,Family,2.99,24,97.77,4.0737499999999995
Grit Clockwork,Games,0.99,32,97.72,3.05375
Rocketeer Mother,Foreign,0.99,33,97.72,2.961212121212121
Shock Cabin,Foreign,2.99,30,96.71,3.2236666666666665
Jericho Mulan,Games,2.99,17,95.84,5.6376470588235295
Inch Jet,Animation,4.99,18,95.82,5.323333333333333
Salute Apollo,New,2.99,23,95.8,4.165217391304347
Gangs Pride,Animation,2.99,27,95.78,3.5474074074074076
Hyde Doctor,Classics,2.99,26,95.76,3.683076923076923
Bilko Anonymous,Family,4.99,13,94.88,7.298461538461538
Gold River,Comedy,4.99,14,94.86,6.775714285714286
Mermaid Insects,Sports,4.99,16,94.85,5.928125
French Holiday,Documentary,4.99,17,94.84,5.578823529411765
Gorgeous Bingo,Children,2.99,19,94.83,4.991052631578947
Peak Forever,Sports,4.99,20,94.82,4.741
Patton Interview,Horror,2.99,23,94.79,4.121304347826087
Fargo Gandhi,Children,2.99,24,94.79,3.9495833333333334
Fish Opus,Sci-Fi,2.99,25,94.78,3.7912
Expendable Stallion,Documentary,0.99,28,94.74,3.3835714285714285
Spy Mile,Games,2.99,27,94.73,3.508518518518519
Day Unfaithful,New,4.99,14,93.88,6.7057142857142855
Pickup Driving,Sports,2.99,16,93.85,5.865625
Sugar Wonka,Animation,4.99,17,93.85,5.520588235294118
Bear Graceland,Children,2.99,22,93.81,4.26409090909091
Camelot Vacation,Sci-Fi,0.99,27,93.76,3.472592592592593
Sweethearts Suspects,Children,0.99,29,93.73,3.2320689655172417
West Lion,Drama,4.99,16,92.86,5.80375
Hanging Deep,Drama,4.99,19,92.85,4.886842105263158
Core Suit,Classics,2.99,18,92.84,5.157777777777778
Jet Neighbors,Foreign,4.99,20,92.83,4.6415
Hellfighters Sierra,Foreign,2.99,20,92.81,4.6405
Fatal Haunted,New,2.99,28,92.77,3.3132142857142854
Silverado Goldfinger,Sci-Fi,4.99,12,91.88,7.656666666666666
Destiny Saturday,New,4.99,16,91.85,5.740625
Balloon Homeward,Music,2.99,23,91.78,3.9904347826086957
Dude Blindness,Sports,4.99,16,90.87,5.679375
Wizard Coldblooded,Music,4.99,16,90.85,5.678125
Ice Crossing,Games,2.99,24,90.78,3.7825
Pure Runner,Comedy,2.99,16,89.85,5.615625
Coldblooded Darling,Sci-Fi,4.99,16,89.84,5.615
Igby Maker,Travel,4.99,19,89.83,4.727894736842106
Vacation Boondock,Sci-Fi,2.99,21,89.81,4.276666666666666
Rocky War,Drama,4.99,16,88.87,5.554375
Memento Zoolander,Comedy,4.99,13,88.87,6.836153846153847
Candidate Perdition,Classics,2.99,18,88.82,4.934444444444444
Metal Armageddon,Documentary,2.99,25,88.79,3.5516
Telemark Heartbreakers,Animation,2.99,25,88.76,3.5504000000000002
Idols Snatchers,Children,2.99,30,88.76,2.958666666666667
Behavior Runaway,Horror,4.99,13,87.89,6.760769230769231
Flash Wars,New,4.99,13,87.88,6.76
Bright Encounters,Drama,4.99,13,87.88,6.76
Hysterical Grail,Sports,4.99,15,87.85,5.8566666666666665
Darn Forrester,Action,4.99,18,87.83,4.879444444444444
Basic Easy,Travel,2.99,21,87.8,4.180952380952381
Color Philadelphia,Classics,2.99,24,87.78,3.6575
Oz Liaisons,Animation,2.99,24,87.78,3.6575
Panky Submarine,Games,4.99,15,86.88,5.792
Airport Pollock,Horror,4.99,18,86.85,4.824999999999999
Virgin Daisy,Drama,4.99,17,86.84,5.108235294117647
Slacker Liaisons,Drama,4.99,17,86.84,5.108235294117647
Seabiscuit Punk,Sports,2.99,26,86.76,3.3369230769230773
Muscle Bright,Travel,2.99,30,86.73,2.891
Juggler Hardly,Animation,0.99,32,86.71,2.7096875
Daisy Menagerie,Sci-Fi,4.99,16,85.86,5.36625
Steers Armageddon,Sports,4.99,15,85.85,5.723333333333333
Robbers Joon,Children,2.99,31,85.74,2.765806451612903
Conquerer Nuts,Drama,4.99,16,84.87,5.304375
Chicago North,Games,4.99,16,84.85,5.303125
Sea Virgin,Drama,2.99,22,84.81,3.855
Alien Center,Foreign,2.99,22,84.8,3.8545454545454545
Barbarella Streetcar,Sci-Fi,2.99,25,84.78,3.3912
Married Go,Sci-Fi,2.99,30,84.74,2.8246666666666664
Pittsburgh Hunchback,Family,4.99,12,83.89,6.990833333333334
Loser Hustler,Sports,4.99,15,83.86,5.5906666666666665
Panther Reds,Sci-Fi,4.99,15,83.86,5.5906666666666665
Sagebrush Clueless,Documentary,2.99,16,83.86,5.24125
Dying Maker,Comedy,4.99,17,83.85,4.93235294117647
Forrest Sons,Action,2.99,18,83.83,4.657222222222222
Star Operation,Sports,2.99,21,83.8,3.9904761904761905
Affair Prejudice,Horror,2.99,23,83.79,3.64304347826087
Oscar Gold,Animation,2.99,25,83.75,3.35
Airplane Sierra,Comedy,4.99,15,82.85,5.5233333333333325
Musketeers Wait,Classics,4.99,17,82.85,4.873529411764705
Holiday Games,Foreign,4.99,15,82.85,5.5233333333333325
Casablanca Super,Travel,4.99,16,82.84,5.1775
Hurricane Affair,Comedy,2.99,24,82.77,3.44875
Paths Control,Drama,4.99,10,81.9,8.190000000000001
Hanover Galaxy,Music,4.99,17,81.86,4.815294117647059
Campus Remember,Action,2.99,19,81.83,4.306842105263158
Rush Goodfellas,Family,0.99,31,81.72,2.6361290322580646
Peach Innocent,Sports,2.99,14,80.86,5.775714285714286
Dragonfly Strangers,New,4.99,18,80.86,4.492222222222222
Human Graffiti,Games,2.99,15,80.85,5.39
Orient Closer,Drama,2.99,17,80.83,4.754705882352941
Vanishing Rocky,Music,2.99,18,80.83,4.490555555555556
Wardrobe Phantom,Drama,2.99,27,80.77,2.991481481481481
Operation Operation,Comedy,2.99,27,80.75,2.990740740740741
Betrayed Rear,Children,4.99,15,79.87,5.324666666666667
Edge Kissing,Drama,4.99,15,79.87,5.324666666666667
Bikini Borrowers,Animation,4.99,17,79.86,4.697647058823529
Carol Texas,Animation,2.99,18,79.83,4.435
Paradise Sabrina,Comedy,2.99,18,79.82,4.434444444444444
Strangelove Desire,Children,0.99,24,79.78,3.3241666666666667
None Spiking,Sci-Fi,0.99,27,79.75,2.9537037037037037
Super Wyoming,Family,4.99,13,78.88,6.067692307692307
Submarine Bed,Comedy,4.99,15,78.87,5.258
Rules Human,Horror,4.99,16,78.87,4.929375
Devil Desire,Action,4.99,15,78.86,5.257333333333333
Groundhog Uncut,Comedy,4.99,18,78.86,4.381111111111111
Jekyll Frogmen,New,2.99,17,78.84,4.6376470588235295
Intentions Empire,Animation,2.99,17,78.83,4.6370588235294115
Murder Antitrust,Children,2.99,23,78.79,3.425652173913044
Blackout Private,Animation,2.99,27,78.77,2.9174074074074072
Deer Virginian,Music,2.99,29,78.76,2.7158620689655173
Contact Anonymous,Travel,2.99,26,78.76,3.0292307692307694
Tracy Cider,Animation,0.99,26,78.76,3.0292307692307694
Raging Airplane,Sci-Fi,4.99,13,77.88,5.990769230769231
Creepers Kane,Classics,4.99,14,77.87,5.562142857142858
Quills Bull,Documentary,4.99,16,77.87,4.866875
Northwest Polish,Sports,2.99,20,77.82,3.8909999999999996
Flying Hook,Animation,2.99,20,77.81,3.8905000000000003
Quest Mussolini,Action,2.99,20,77.8,3.8899999999999997
Harper Dying,Animation,0.99,20,77.8,3.8899999999999997
Clash Freddy,Animation,2.99,25,77.77,3.1108
Disturbing Scarface,Sci-Fi,2.99,26,77.77,2.991153846153846
Horror Reign,Travel,0.99,27,77.75,2.8796296296296298
Lose Inch,Foreign,0.99,27,77.74,2.879259259259259
Model Fish,Children,4.99,15,76.87,5.124666666666667
Tuxedo Mile,Sports,2.99,13,76.87,5.913076923076924
Image Princess,Sports,2.99,14,76.86,5.49
Wanda Chamber,Games,4.99,16,76.86,4.80375
Lawless Vision,Animation,4.99,17,76.86,4.521176470588236
Grinch Massage,Games,4.99,14,76.86,5.49
Baked Cleopatra,Family,2.99,16,76.85,4.803125
National Story,Documentary,2.99,19,76.83,4.043684210526315
Sleepy Japanese,New,2.99,21,76.83,3.6585714285714284
Unbreakable Karate,New,0.99,21,76.81,3.6576190476190478
Shakespeare Saddle,Sports,2.99,22,76.8,3.4909090909090907
Badman Dawn,Sci-Fi,2.99,21,76.79,3.656666666666667
Island Exorcist,Classics,2.99,26,76.77,2.9526923076923075
Moonwalker Fool,Games,4.99,13,75.89,5.837692307692308
Connecticut Tramp,Sci-Fi,4.99,13,75.89,5.837692307692308
Deep Crusade,Documentary,4.99,14,75.87,5.4192857142857145
Holes Brannigan,Sports,4.99,15,75.86,5.057333333333333
Searchers Wait,Comedy,2.99,14,75.86,5.418571428571428
Sons Interview,Animation,2.99,15,75.85,5.056666666666667
Blues Instinct,Family,2.99,21,75.82,3.61047619047619
Trojan Tomorrow,Sci-Fi,2.99,19,75.82,3.9905263157894733
Atlantis Cause,Family,2.99,24,75.79,3.157916666666667
Malkovich Pet,Classics,2.99,26,75.77,2.914230769230769
Autumn Crow,Games,4.99,11,74.9,6.8090909090909095
Birch Antitrust,Music,4.99,11,74.89,6.808181818181819
Impossible Prejudice,Foreign,4.99,14,74.86,5.347142857142857
Lust Lock,Action,2.99,15,74.82,4.9879999999999995
Flatliners Killer,Sports,2.99,22,74.81,3.4004545454545454
Crossroads Casualties,Animation,2.99,21,74.8,3.5619047619047617
Escape Metropolis,Travel,2.99,25,74.77,2.9907999999999997
Frost Head,Classics,0.99,30,74.72,2.490666666666667
Thin Sagebrush,Documentary,4.99,11,73.89,6.717272727272728
California Birds,Sports,4.99,12,73.89,6.1575
Pluto Oleander,New,4.99,16,73.87,4.616875
Outlaw Hanky,Travel,4.99,14,73.86,5.275714285714286
Words Hunter,Music,2.99,16,73.86,4.61625
Wait Cider,Animation,0.99,21,73.82,3.515238095238095
Fantasia Park,Games,2.99,19,73.81,3.8847368421052635
Dream Pickup,Action,2.99,22,73.8,3.3545454545454545
Half Outfield,Family,2.99,26,73.79,2.8380769230769234
Darko Dorado,Action,4.99,11,72.9,6.627272727272728
Hope Tootsie,Classics,2.99,18,72.83,4.046111111111111
Berets Agent,Action,2.99,21,72.8,3.4666666666666663
Downhill Enough,Comedy,0.99,25,72.79,2.9116000000000004
Cincinatti Whisperer,Sci-Fi,4.99,13,71.89,5.53
Alabama Devil,Horror,2.99,12,71.88,5.989999999999999
Blindness Gun,Sci-Fi,4.99,14,71.87,5.133571428571429
Jacket Frisco,Drama,2.99,18,71.84,3.9911111111111115
Weekend Personal,Sci-Fi,2.99,18,71.83,3.9905555555555554
Wedding Apollo,Documentary,0.99,24,71.79,2.9912500000000004
Saturn Name,Comedy,4.99,13,70.87,5.451538461538462
Confessions Maguire,Drama,4.99,14,70.87,5.062142857142858
Jeepers Wedding,Classics,2.99,16,70.87,4.429375
Ferris Mother,Comedy,2.99,17,70.85,4.167647058823529
Remember Diary,Family,2.99,18,70.83,3.935
Trouble Date,Travel,2.99,23,70.81,3.0786956521739133
Others Soup,Travel,2.99,23,70.8,3.0782608695652174
Gentlemen Stage,Foreign,2.99,23,70.8,3.0782608695652174
Amistad Midsummer,New,2.99,21,70.79,3.370952380952381
Mallrats United,Comedy,0.99,25,70.78,2.8312
Ties Hunger,Children,4.99,11,69.91,6.3554545454545455
Daughter Madigan,Children,4.99,9,69.91,7.767777777777777
Beast Hunchback,Classics,4.99,11,69.9,6.354545454545455
Vampire Whale,New,4.99,12,69.89,5.824166666666667
Comforts Rush,Travel,2.99,17,69.85,4.108823529411764
Instinct Airport,Sports,2.99,18,69.83,3.8794444444444443
Flight Lies,Sports,4.99,12,68.88,5.739999999999999
Werewolf Lola,Action,4.99,14,68.88,4.92
Idaho Love,New,2.99,17,68.85,4.05
Eyes Driving,Sci-Fi,2.99,19,68.84,3.6231578947368424
Bringing Hysterical,Comedy,2.99,20,68.81,3.4405
Hobbit Alien,Drama,0.99,31,68.74,2.2174193548387096
Amelie Hellfighters,Music,4.99,10,67.9,6.790000000000001
Liberty Magnificent,Sports,2.99,12,67.89,5.6575
Dinosaur Secretary,Family,2.99,20,67.81,3.3905000000000003
Goldfinger Sensibility,Drama,0.99,24,67.79,2.8245833333333334
Jumping Wrath,Children,0.99,24,67.79,2.8245833333333334
Graffiti Love,Sci-Fi,0.99,30,67.74,2.258
Rugrats Shakespeare,Action,0.99,30,67.72,2.2573333333333334
Caribbean Liberty,Sports,4.99,9,66.92,7.435555555555556
Twisted Pirates,Children,4.99,11,66.89,6.080909090909091
Home Pity,Music,4.99,14,66.88,4.777142857142857
Dangerous Uptown,Foreign,4.99,12,66.88,5.573333333333333
Past Suicides,Foreign,4.99,13,66.88,5.144615384615384
Charade Duffel,Sci-Fi,2.99,15,66.87,4.458
Boiled Dares,Travel,4.99,15,66.87,4.458
Worst Banger,Action,2.99,16,66.85,4.178125
Zoolander Fiction,Children,2.99,17,66.85,3.9323529411764704
Egypt Tenenbaums,Horror,0.99,17,66.84,3.9317647058823533
Wonka Sea,Animation,2.99,18,66.82,3.7122222222222216
Pollock Deliverance,Foreign,2.99,18,66.82,3.7122222222222216
Stranger Strangers,Children,4.99,11,65.9,5.990909090909091
Chamber Italian,Music,4.99,13,65.88,5.067692307692307
Usual Untouchables,Foreign,4.99,13,65.88,5.067692307692307
War Notting,Foreign,4.99,12,65.88,5.489999999999999
Lonely Elephant,Comedy,2.99,15,65.87,4.391333333333334
Chariots Conspiracy,Sci-Fi,2.99,21,65.81,3.133809523809524
House Dynamite,Family,2.99,23,65.8,2.860869565217391
Snowman Rollercoaster,Animation,0.99,23,65.79,2.8604347826086958
Madness Attacks,Foreign,0.99,25,65.77,2.6308
Elephant Trojan,Horror,4.99,14,64.9,4.635714285714286
Fiddler Lost,Sci-Fi,4.99,10,64.9,6.49
Gunfighter Mussolini,Sports,2.99,12,64.89,5.4075
Madison Trap,Documentary,2.99,15,64.87,4.324666666666667
Divine Resurrection,Games,2.99,15,64.85,4.323333333333333
Swarm Gold,Horror,0.99,27,64.77,2.3988888888888886
Anthem Luke,Comedy,4.99,15,63.89,4.259333333333333
Daddy Pittsburgh,Comedy,4.99,13,63.89,4.914615384615384
Mother Oleander,Sports,0.99,14,63.87,4.562142857142857
Bill Others,Documentary,2.99,19,63.82,3.3589473684210525
Champion Flatliners,Animation,4.99,13,62.9,4.838461538461538
Games Bowfinger,Travel,4.99,14,62.88,4.491428571428572
Lovely Jingle,Classics,2.99,14,62.87,4.490714285714286
Potter Connecticut,Animation,2.99,17,62.85,3.697058823529412
Driver Annie,Sports,2.99,18,62.84,3.4911111111111115
Reap Unfaithful,Horror,2.99,16,62.84,3.9275
Gaslight Crusade,Horror,2.99,16,62.84,3.9275
Neighbors Charade,Sports,0.99,19,62.83,3.306842105263158
Lebowski Soldiers,Drama,2.99,21,62.82,2.9914285714285715
Wrong Behavior,Children,2.99,20,62.8,3.1399999999999997
Detective Vision,Classics,0.99,27,62.76,2.3244444444444445
Loathing Legally,Classics,0.99,27,62.74,2.323703703703704
Casualties Encino,Action,4.99,9,61.92,6.88
Wyoming Storm,New,4.99,13,61.89,4.760769230769231
Insider Arizona,Music,2.99,20,61.83,3.0915
Alone Trip,Music,0.99,18,61.83,3.435
Pond Seattle,Animation,2.99,19,61.82,3.2536842105263157
Divide Monster,Sci-Fi,2.99,21,61.8,2.9428571428571426
Excitement Eve,Action,0.99,21,61.8,2.9428571428571426
Orange Grapes,Foreign,0.99,24,61.78,2.5741666666666667
Spartacus Cheaper,Family,4.99,9,60.91,6.767777777777777
Opus Ice,Foreign,4.99,11,60.9,5.536363636363636
Noon Papi,Children,2.99,17,60.85,3.5794117647058825
Earring Instinct,Family,0.99,19,60.83,3.201578947368421
Sinners Atlantis,Horror,2.99,22,60.81,2.764090909090909
Dynamite Tarzan,Classics,0.99,25,60.77,2.4308
Family Sweet,Horror,0.99,29,60.73,2.0941379310344828
King Evolution,Family,4.99,9,59.92,6.657777777777778
Jingle Sagebrush,Classics,4.99,13,59.89,4.606923076923077
Born Spinal,Travel,4.99,12,59.88,4.99
Jaws Harry,Comedy,2.99,14,59.87,4.276428571428571
Manchurian Curtain,Family,2.99,15,59.86,3.990666666666667
Nemo Campus,Sci-Fi,2.99,14,59.86,4.275714285714286
Artist Coldblooded,Sports,2.99,16,59.86,3.74125
Honey Ties,Sports,0.99,19,59.84,3.1494736842105264
Clones Pinocchio,Music,2.99,19,59.83,3.1489473684210525
Barefoot Manchurian,Action,2.99,18,59.83,3.323888888888889
Homicide Peach,Family,2.99,22,59.82,2.7190909090909092
Smile Earring,Travel,2.99,10,58.9,5.89
Sweet Brotherhood,Travel,2.99,15,58.89,3.926
Nash Chocolat,Animation,2.99,15,58.87,3.9246666666666665
Fury Murder,Children,0.99,19,58.83,3.096315789473684
Doom Dancing,Comedy,0.99,21,58.83,2.801428571428571
Fiction Christmas,Foreign,0.99,19,58.81,3.095263157894737
Chicken Hellfighters,Documentary,0.99,22,58.81,2.6731818181818183
Packer Madigan,Animation,0.99,22,58.8,2.6727272727272724
Hills Neighbors,Action,0.99,25,58.79,2.3516
Temple Attraction,Horror,4.99,12,57.9,4.825
Lambs Cincinatti,Games,4.99,10,57.9,5.79
October Submarine,Classics,4.99,11,57.9,5.263636363636364
Sierra Divide,Sports,0.99,15,57.85,3.856666666666667
Fireball Philadelphia,Comedy,0.99,21,57.81,2.752857142857143
Brannigan Sunrise,New,4.99,12,56.91,4.7425
Element Freddy,Comedy,4.99,10,56.9,5.6899999999999995
Opposite Necklace,Family,4.99,13,56.89,4.376153846153846
Fugitive Maguire,Travel,4.99,11,56.89,5.171818181818182
Meet Chocolate,Foreign,2.99,12,56.89,4.740833333333334
Bowfinger Gables,Horror,4.99,11,56.89,5.171818181818182
Massage Image,Animation,2.99,12,56.89,4.740833333333334
Identity Lover,Sci-Fi,2.99,13,56.88,4.375384615384616
Turn Star,Animation,2.99,14,56.88,4.062857142857143
Boulevard Mob,New,0.99,18,56.84,3.157777777777778
Creatures Shakespeare,Games,0.99,16,56.84,3.5525
Cider Desire,Documentary,2.99,19,56.83,2.991052631578947
River Outlaw,Sports,0.99,20,56.82,2.841
Double Wrath,Animation,0.99,25,56.79,2.2716
Grapes Fury,Foreign,0.99,22,56.77,2.5804545454545456
State Wasteland,Games,2.99,13,55.89,4.299230769230769
Analyze Hoosiers,Horror,2.99,14,55.86,3.9899999999999998
Beach Heartbreakers,Documentary,2.99,17,55.86,3.2858823529411763
Mummy Creatures,Sports,0.99,16,55.85,3.490625
Greek Everyone,Foreign,2.99,17,55.83,3.2841176470588236
Straight Hours,Sports,0.99,20,55.81,2.7905
Magnificent Chitty,Classics,2.99,8,54.92,6.865
Lover Truman,Classics,2.99,10,54.91,5.491
Ali Forever,Horror,4.99,9,54.91,6.101111111111111
Monsoon Cause,Games,4.99,9,54.91,6.101111111111111
Racer Egg,Drama,2.99,18,54.83,3.046111111111111
Dalmations Sweden,Drama,0.99,20,54.82,2.741
Outfield Massacre,Music,0.99,20,54.82,2.741
Tights Dawn,Sports,0.99,26,54.76,2.106153846153846
Nuts Ties,New,4.99,9,53.91,5.989999999999999
Bird Independence,Travel,4.99,11,53.91,4.90090909090909
Frisco Forrest,Sci-Fi,4.99,9,53.91,5.989999999999999
Circus Youth,Children,2.99,15,53.86,3.5906666666666665
Jade Bunch,Sports,2.99,18,53.85,2.9916666666666667
Perfect Groove,Comedy,2.99,17,53.84,3.167058823529412
Fight Jawbreaker,Animation,0.99,22,53.8,2.4454545454545453
Mockingbird Hollywood,Action,0.99,24,53.78,2.2408333333333332
Ace Goldfinger,Horror,4.99,7,52.93,7.561428571428571
Guys Falcon,Sci-Fi,4.99,9,52.92,5.88
Doubtfire Labyrinth,Foreign,4.99,10,52.91,5.2909999999999995
Vanilla Day,Games,4.99,9,52.91,5.878888888888889
Sensibility Rear,Family,4.99,10,52.9,5.29
Right Cranes,Classics,4.99,10,52.9,5.29
Purple Movie,Foreign,2.99,13,52.88,4.067692307692308
Shane Darkness,Travel,2.99,14,52.87,3.7764285714285712
Willow Tracy,Family,2.99,16,52.85,3.303125
Patriot Roman,Action,2.99,16,52.85,3.303125
Gilmore Boiled,Classics,0.99,28,52.76,1.8842857142857141
Panic Club,Horror,4.99,7,51.93,7.418571428571428
North Tequila,Documentary,4.99,11,51.91,4.719090909090909
Pilot Hoosiers,Family,2.99,16,51.86,3.24125
Moulin Wake,Travel,0.99,16,51.84,3.24
Enough Raging,Travel,2.99,18,51.84,2.8800000000000003
Rouge Squad,Games,0.99,18,51.84,2.8800000000000003
Anaconda Confessions,Animation,0.99,21,51.82,2.467619047619048
Karate Moon,Horror,0.99,23,51.8,2.252173913043478
Iron Moon,Classics,4.99,11,50.9,4.627272727272727
Chisum Behavior,Family,4.99,13,50.9,3.9153846153846152
Lost Bird,Foreign,2.99,12,50.9,4.241666666666666
Window Side,Travel,2.99,12,50.89,4.240833333333334
Reunion Witches,Drama,0.99,20,50.82,2.541
Annie Identity,Sci-Fi,0.99,22,50.81,2.3095454545454546
Sun Confessions,Sci-Fi,0.99,25,50.77,2.0308
Handicap Boondock,Action,0.99,28,50.76,1.8128571428571427
Bound Cheaper,Classics,0.99,24,50.76,2.1149999999999998
Valley Packer,Comedy,0.99,15,49.88,3.3253333333333335
Exorcist Sting,Sports,2.99,13,49.88,3.8369230769230773
Mask Peach,New,2.99,17,49.86,2.9329411764705884
Heaven Freedom,Comedy,2.99,18,49.85,2.7694444444444444
Novocaine Flight,Sports,0.99,19,49.82,2.622105263157895
Chocolat Harry,Family,0.99,20,49.81,2.4905
Dancing Fever,Documentary,0.99,27,49.76,1.842962962962963
Park Citizen,Action,4.99,8,48.94,6.1175
Madigan Dorado,Travel,4.99,10,48.92,4.892
Gosford Donnie,Action,4.99,8,48.92,6.115
Mod Secretary,Documentary,4.99,11,48.91,4.446363636363636
Rider Caddyshack,Sports,2.99,11,48.89,4.444545454545454
Monster Spartacus,Music,2.99,15,48.86,3.2573333333333334
Varsity Trip,New,2.99,16,48.84,3.0525
Rock Instinct,Horror,0.99,17,48.83,2.8723529411764703
Kick Savannah,Travel,0.99,20,48.83,2.4415
Sleuth Orient,Games,0.99,21,48.81,2.3242857142857143
Slums Duck,Family,0.99,24,48.78,2.0325
Sense Greek,Sports,4.99,7,47.93,6.847142857142857
Reds Pocus,Music,4.99,9,47.92,5.3244444444444445
Kramer Chocolate,Sports,2.99,9,47.91,5.323333333333333
African Egg,Family,2.99,12,47.89,3.9908333333333332
Dirty Ace,Games,2.99,15,47.87,3.191333333333333
Madre Gables,Games,2.99,14,47.87,3.419285714285714
Worker Tarzan,Travel,2.99,15,47.86,3.1906666666666665
Gables Metropolis,Family,0.99,19,47.83,2.5173684210526317
Haunting Pianist,Games,0.99,22,47.8,2.1727272727272724
Virginian Pluto,Documentary,0.99,29,47.75,1.646551724137931
Grosse Wonderful,Music,4.99,8,46.92,5.865
Wonderful Drop,Foreign,2.99,9,46.92,5.213333333333334
Trainspotting Strangers,Comedy,4.99,11,46.91,4.264545454545455
Stage World,Comedy,2.99,10,46.9,4.6899999999999995
Alley Evolution,Foreign,2.99,14,46.87,3.347857142857143
Town Ark,Foreign,2.99,14,46.87,3.347857142857143
Shrunk Divine,Action,2.99,14,46.87,3.347857142857143
Troopers Metal,New,0.99,14,46.86,3.347142857142857
Caddyshack Jedi,Action,0.99,16,46.86,2.92875
Indian Love,Family,0.99,16,46.85,2.928125
Newton Labyrinth,Foreign,0.99,17,46.84,2.755294117647059
Gunfight Moon,Comedy,0.99,24,46.79,1.9495833333333332
Clerks Angels,Documentary,4.99,7,45.94,6.562857142857142
Casper Dragonfly,Children,4.99,8,45.93,5.74125
Lolita World,Family,2.99,10,45.91,4.590999999999999
Bugsy Song,Foreign,2.99,11,45.91,4.173636363636363
Darkness War,Drama,2.99,13,45.88,3.5292307692307694
Uprising Uptown,Action,2.99,16,45.87,2.866875
Pirates Roxanne,Sports,0.99,21,45.81,2.1814285714285715
Crusade Honey,Sports,2.99,8,44.93,5.61625
Speed Suit,Travel,4.99,9,44.92,4.9911111111111115
Darling Breaking,Games,4.99,9,44.92,4.9911111111111115
Ship Wonderland,Documentary,2.99,15,44.86,2.990666666666667
Hours Rage,New,0.99,19,44.82,2.3589473684210525
Drop Waterfront,Sports,4.99,9,43.92,4.88
Anything Savannah,Horror,2.99,9,43.92,4.88
Potluck Mixed,Animation,2.99,11,43.9,3.9909090909090907
Microcosmos Paradise,Children,2.99,13,43.88,3.3753846153846156
Cyclone Family,Foreign,2.99,15,43.87,2.9246666666666665
Personal Ladybugs,Music,0.99,14,43.87,3.1335714285714285
Freaky Pocus,Music,2.99,17,43.86,2.58
Shanghai Tycoon,Travel,2.99,14,43.86,3.132857142857143
United Pilot,Documentary,0.99,17,43.85,2.5794117647058825
Go Purple,Music,0.99,20,43.83,2.1915
Pacific Amistad,Documentary,0.99,24,43.81,1.8254166666666667
Goldmine Tycoon,Sci-Fi,0.99,27,43.76,1.6207407407407406
Ishtar Rocketeer,Animation,4.99,7,42.94,6.134285714285714
Run Pacific,New,0.99,10,42.91,4.2909999999999995
Wars Pluto,Documentary,2.99,10,42.9,4.29
Modern Dorado,Documentary,0.99,15,42.88,2.8586666666666667
Express Lonely,Sci-Fi,2.99,13,42.88,3.2984615384615386
Scissorhands Slums,Foreign,2.99,15,42.88,2.8586666666666667
Entrapment Satisfaction,Action,0.99,15,42.87,2.8579999999999997
Graduate Lord,Children,2.99,16,42.87,2.679375
Stock Glass,New,2.99,14,42.87,3.062142857142857
Uncut Suicides,Music,2.99,14,42.87,3.062142857142857
Lock Rear,Travel,2.99,16,42.86,2.67875
Kwai Homeward,Drama,0.99,23,42.8,1.8608695652173912
Voyage Legally,Classics,0.99,28,42.75,1.5267857142857142
Storm Happiness,Animation,0.99,29,42.74,1.4737931034482759
Punk Divorce,Animation,4.99,8,41.93,5.24125
Hoosiers Birdcage,Foreign,2.99,8,41.92,5.24
Hotel Happiness,Foreign,4.99,9,41.92,4.657777777777778
Miracle Virtual,Animation,2.99,9,41.92,4.657777777777778
Breaking Home,New,2.99,13,41.9,3.223076923076923
Speakeasy Date,Action,2.99,12,41.89,3.4908333333333332
Date Speed,Family,0.99,13,41.88,3.221538461538462
Party Knock,Comedy,2.99,13,41.88,3.221538461538462
Labyrinth League,Children,2.99,15,41.87,2.791333333333333
Armageddon Lost,Sci-Fi,0.99,21,41.8,1.9904761904761903
Baby Hall,Foreign,4.99,8,40.93,5.11625
Clue Grail,Music,4.99,7,40.93,5.847142857142857
Eve Resurrection,New,4.99,7,40.93,5.847142857142857
Matrix Snowman,Foreign,4.99,9,40.92,4.546666666666667
Platoon Instinct,New,4.99,9,40.92,4.546666666666667
Grail Frankenstein,Action,2.99,10,40.92,4.0920000000000005
Tarzan Videotape,Horror,2.99,8,40.92,5.115
Frida Slipper,Foreign,2.99,11,40.9,3.7181818181818183
Forever Candidate,Children,2.99,13,40.88,3.144615384615385
Wasteland Divine,Classics,2.99,15,40.88,2.7253333333333334
Hunting Musketeers,Family,2.99,15,40.88,2.7253333333333334
Paris Weekend,Horror,2.99,14,40.88,2.9200000000000004
Groove Fiction,Sports,0.99,18,40.83,2.268333333333333
Tramp Others,Comedy,0.99,20,40.82,2.041
Banger Pinocchio,Music,0.99,22,40.8,1.8545454545454545
Effect Gladiator,Family,0.99,25,40.79,1.6316
Splendor Patton,Children,0.99,21,40.79,1.9423809523809523
Pocus Pulp,Documentary,0.99,26,40.75,1.5673076923076923
Jersey Sassy,Children,4.99,6,39.94,6.656666666666666
Terminator Club,Music,4.99,6,39.94,6.656666666666666
Intolerable Intentions,Documentary,4.99,9,39.93,4.4366666666666665
Fire Wolves,Games,4.99,7,39.93,5.704285714285715
Hollow Jeopardy,Sci-Fi,4.99,10,39.92,3.992
Legally Secretary,Children,4.99,9,39.92,4.435555555555556
Rollercoaster Bringing,Horror,2.99,10,39.91,3.9909999999999997
Lord Arizona,Action,2.99,11,39.9,3.627272727272727
Hamlet Wisdom,Sci-Fi,2.99,14,39.88,2.8485714285714288
Spinal Rocky,Family,2.99,13,39.87,3.066923076923077
Pajama Jawbreaker,Classics,0.99,14,39.86,2.847142857142857
Cabin Flash,Children,0.99,15,39.86,2.6573333333333333
Disciple Mother,Travel,0.99,19,39.82,2.0957894736842104
Mourning Purple,Sci-Fi,0.99,21,39.81,1.895714285714286
Italian African,Travel,4.99,6,38.94,6.489999999999999
Records Zorro,Sports,4.99,8,38.93,4.86625
Spiking Element,Classics,2.99,13,38.88,2.990769230769231
Midnight Westward,Action,0.99,17,38.84,2.2847058823529416
Encounters Curtain,Drama,0.99,19,38.82,2.0431578947368423
Club Graffiti,Animation,0.99,19,38.82,2.0431578947368423
Women Dorado,Action,0.99,23,38.81,1.6873913043478261
Crooked Frogmen,Children,0.99,23,38.79,1.6865217391304348
Pianist Outfield,New,0.99,21,38.78,1.8466666666666667
Graceland Dynamite,Sports,4.99,6,37.94,6.323333333333333
Godfather Diary,New,2.99,8,37.92,4.74
Vertigo Northwest,Comedy,2.99,8,37.92,4.74
Life Twisted,Comedy,2.99,10,37.92,3.7920000000000003
Snatchers Montezuma,Classics,2.99,9,37.91,4.212222222222222
Prix Undefeated,Family,2.99,11,37.9,3.4454545454545453
Shrek License,Foreign,2.99,15,37.88,2.5253333333333337
Roots Remember,Classics,0.99,17,37.86,2.2270588235294118
Joon Northwest,Sports,0.99,17,37.84,2.2258823529411766
Coast Rainbow,Documentary,0.99,21,37.82,1.8009523809523809
Alaska Phantom,Music,0.99,26,37.77,1.4526923076923077
Caper Motions,Comedy,0.99,24,37.77,1.5737500000000002
Early Home,Animation,4.99,7,36.94,5.277142857142857
Elizabeth Shane,Sports,4.99,10,36.93,3.693
Soldiers Evolution,Sci-Fi,4.99,8,36.93,4.61625
Drumline Cyclone,Travel,0.99,11,36.9,3.3545454545454545
Army Flintstones,Documentary,0.99,16,36.86,2.30375
Necklace Outbreak,Drama,0.99,15,36.86,2.457333333333333
Majestic Floats,Documentary,0.99,17,36.85,2.1676470588235297
Sundance Invasion,Children,0.99,19,36.82,1.9378947368421053
Insects Stone,Animation,0.99,18,36.81,2.045
Intrigue Worst,Foreign,0.99,20,36.81,1.8405
Shootist Superfly,Drama,0.99,24,36.77,1.5320833333333335
Westward Seabiscuit,Classics,0.99,26,36.75,1.4134615384615385
Primary Glass,Action,0.99,27,36.73,1.3603703703703702
Frontier Cabin,New,4.99,6,35.94,5.989999999999999
President Bang,Family,4.99,7,35.94,5.134285714285714
School Jacket,Foreign,4.99,6,35.94,5.989999999999999
Bubble Grosse,Sports,4.99,6,35.94,5.989999999999999
Glass Dying,Action,0.99,14,35.88,2.562857142857143
Fantasy Troopers,Action,0.99,26,35.79,1.3765384615384615
Story Side,Action,0.99,28,35.74,1.2764285714285715
Moon Bunch,Foreign,0.99,29,35.74,1.2324137931034485
Elf Murder,Music,4.99,7,34.94,4.991428571428571
Adaptation Holes,Documentary,2.99,12,34.89,2.9075
Magnolia Forrester,Action,0.99,11,34.89,3.171818181818182
Illusion Amelie,Foreign,0.99,15,34.87,2.3246666666666664
Donnie Alley,Animation,0.99,14,34.87,2.4907142857142857
Taxi Kick,Music,0.99,17,34.83,2.0488235294117647
Independence Hotel,Documentary,0.99,19,34.82,1.8326315789473684
Earth Vision,New,0.99,23,34.77,1.5117391304347827
Carrie Bunch,Horror,0.99,23,34.77,1.5117391304347827
Curtain Videotape,Games,0.99,27,34.77,1.287777777777778
Talented Homicide,Sports,0.99,29,34.76,1.1986206896551723
Fever Empire,Games,4.99,5,33.95,6.790000000000001
Maguire Apache,Family,2.99,9,33.91,3.7677777777777774
Wagon Jaws,Documentary,2.99,10,33.91,3.3909999999999996
Cranes Reservoir,Sports,2.99,11,33.91,3.0827272727272725
Blanket Beverly,Family,2.99,12,33.9,2.8249999999999997
Mile Mulan,Sports,0.99,13,33.89,2.606923076923077
Splash Gump,Family,0.99,14,33.86,2.4185714285714286
Watch Tracy,Animation,0.99,16,33.85,2.115625
Lion Uncut,Comedy,0.99,18,33.83,1.8794444444444443
Wind Phantom,Games,0.99,23,33.79,1.4691304347826086
Academy Dinosaur,Documentary,0.99,23,33.79,1.4691304347826086
Tequila Past,Children,4.99,6,32.94,5.489999999999999
Heavenly Gun,Music,4.99,7,32.94,4.7057142857142855
Bulworth Commandments,Games,2.99,7,32.93,4.704285714285715
Lucky Flying,Music,2.99,13,32.9,2.5307692307692307
Maker Gables,Children,0.99,10,32.9,3.29
Stone Fire,Travel,0.99,11,32.9,2.9909090909090907
Saddle Antitrust,Comedy,2.99,14,32.89,2.349285714285714
Robbery Bright,Family,0.99,13,32.88,2.5292307692307694
Summer Scarface,Classics,0.99,16,32.86,2.05375
Stampede Disturbing,Games,0.99,14,32.86,2.347142857142857
Volcano Texas,Games,0.99,22,32.81,1.4913636363636364
Amadeus Holy,Action,0.99,21,32.8,1.5619047619047617
Desperate Trainspotting,Travel,4.99,6,31.94,5.323333333333333
Haunted Antitrust,Travel,4.99,6,31.94,5.323333333333333
Control Anthem,Comedy,4.99,7,31.94,4.562857142857143
Dozen Lion,Documentary,4.99,7,31.94,4.562857142857143
Destination Jerk,Drama,0.99,8,31.92,3.99
Saints Bride,Drama,2.99,8,31.92,3.99
Feathers Metal,Games,0.99,11,31.91,2.900909090909091
Random Go,Sci-Fi,2.99,9,31.91,3.5455555555555556
Hedwig Alter,Comedy,2.99,12,31.9,2.658333333333333
Song Hedwig,Music,0.99,11,31.9,2.9
Mighty Luck,Documentary,2.99,12,31.9,2.658333333333333
Natural Stock,Family,0.99,13,31.88,2.4523076923076923
Rings Heartbreakers,Action,0.99,15,31.87,2.1246666666666667
Bonnie Holocaust,Documentary,0.99,16,31.85,1.990625
Voice Peach,New,0.99,19,31.83,1.6752631578947368
Outbreak Divine,Games,0.99,23,31.82,1.3834782608695653
Chainsaw Uptown,Sci-Fi,0.99,21,31.81,1.5147619047619048
Congeniality Quest,Sports,0.99,22,31.81,1.4459090909090908
Feud Frogmen,Family,0.99,25,31.8,1.272
Seven Swarm,Games,4.99,5,30.95,6.1899999999999995
Blood Argonauts,Family,0.99,10,30.93,3.093
Jumanji Blade,New,2.99,8,30.92,3.865
Mulan Moon,Comedy,0.99,13,30.89,2.376153846153846
Theory Mermaid,Animation,0.99,11,30.88,2.807272727272727
Factory Dragon,Travel,0.99,17,30.85,1.8147058823529412
Mars Roman,Games,0.99,19,30.83,1.6226315789473684
Cheaper Clyde,Sci-Fi,0.99,20,30.83,1.5414999999999999
Alter Victory,Animation,0.99,22,30.8,1.4000000000000001
Gun Bonnie,Games,0.99,25,30.79,1.2316
Alamo Videotape,Foreign,0.99,24,30.78,1.2825
Gone Trouble,Drama,2.99,10,29.92,2.992
Halloween Nuts,Documentary,2.99,10,29.92,2.992
Reservoir Adaptation,Foreign,2.99,10,29.91,2.991
Wisdom Worker,Comedy,0.99,9,29.91,3.3233333333333333
Uptown Young,Children,2.99,12,29.9,2.4916666666666667
Santa Paris,Children,2.99,11,29.9,2.7181818181818183
Side Ark,Action,0.99,12,29.88,2.4899999999999998
Roxanne Rebel,Games,0.99,19,29.83,1.5699999999999998
Blade Polish,Drama,0.99,22,29.81,1.355
Chill Luck,Drama,0.99,22,29.79,1.354090909090909
Luke Mummy,Animation,2.99,7,28.93,4.132857142857143
Cowboy Doom,Foreign,2.99,7,28.93,4.132857142857143
Untouchables Sunrise,Documentary,2.99,8,28.93,3.61625
Chitty Lock,Drama,2.99,8,28.92,3.615
Dwarfs Alter,Games,2.99,9,28.92,3.2133333333333334
Won Dares,Music,2.99,9,28.91,3.212222222222222
Jeopardy Encino,Classics,0.99,10,28.9,2.8899999999999997
Tootsie Pilot,Children,0.99,15,28.88,1.9253333333333333
Dances None,Action,0.99,14,28.87,2.0621428571428573
Louisiana Harry,Family,0.99,17,28.84,1.6964705882352942
Celebrity Horn,Action,0.99,24,28.79,1.1995833333333332
Shepherd Midsummer,Children,0.99,25,28.77,1.1508
Informer Double,Foreign,4.99,5,27.95,5.59
Antitrust Tomatoes,Action,2.99,10,27.93,2.793
Squad Fish,Sports,2.99,7,27.93,3.9899999999999998
Papi Necklace,Travel,0.99,8,27.93,3.49125
Dolls Rage,Sci-Fi,2.99,9,27.92,3.102222222222222
Mob Duffel,Drama,0.99,12,27.9,2.3249999999999997
Minority Kiss,Music,0.99,12,27.89,2.3241666666666667
Dragon Squad,Action,0.99,11,27.89,2.5354545454545456
Cleopatra Devil,New,0.99,18,27.85,1.5472222222222223
Rear Trading,Action,0.99,17,27.85,1.6382352941176472
Room Roman,Animation,0.99,20,27.82,1.391
Highball Potter,Foreign,0.99,21,27.81,1.3242857142857143
Encino Elf,Games,0.99,19,27.81,1.4636842105263157
Canyon Stock,Animation,0.99,19,27.81,1.4636842105263157
Grease Youth,Family,0.99,21,27.8,1.3238095238095238
Private Drop,Games,4.99,5,26.95,5.39
Pet Haunting,Foreign,0.99,8,26.92,3.365
Dares Pluto,Animation,2.99,9,26.92,2.9911111111111115
Unfaithful Kill,Drama,2.99,8,26.92,3.365
Crazy Home,Comedy,2.99,9,26.91,2.99
Finding Anaconda,Family,0.99,12,26.9,2.2416666666666667
Evolution Alter,Sports,0.99,12,26.88,2.2399999999999998
Empire Malkovich,Children,0.99,21,26.81,1.2766666666666666
Christmas Moonshine,Children,0.99,21,26.81,1.2766666666666666
Bunch Minds,Drama,2.99,5,25.95,5.1899999999999995
Pizza Jumanji,Games,2.99,7,25.94,3.705714285714286
Desire Alien,Animation,2.99,8,25.92,3.24
Motions Details,Horror,0.99,16,25.87,1.616875
Translation Summer,Drama,0.99,15,25.87,1.7246666666666668
Borrowers Bedazzled,Animation,0.99,22,25.8,1.1727272727272728
Roman Punk,Music,0.99,24,25.79,1.0745833333333332
Train Bunch,Horror,4.99,4,24.96,6.24
Hunter Alter,Documentary,2.99,5,24.95,4.99
Apocalypse Flamingos,New,4.99,6,24.95,4.158333333333333
Traffic Hobbit,Travel,4.99,5,24.95,4.99
Bed Highball,Documentary,2.99,6,24.94,4.156666666666667
World Leathernecks,Horror,0.99,8,24.92,3.115
Diary Panic,Drama,2.99,9,24.92,2.768888888888889
Oleander Clue,Music,0.99,10,24.91,2.491
Notorious Reunion,Documentary,0.99,14,24.87,1.7764285714285715
Drums Dynamite,Horror,0.99,13,24.87,1.9130769230769231
Slipper Fidelity,Sports,0.99,16,24.86,1.55375
Masked Bubble,Music,0.99,20,24.81,1.2405
Resurrection Silverado,Family,0.99,21,24.81,1.1814285714285713
Deceiver Betrayed,Drama,0.99,21,24.8,1.180952380952381
Wolves Desire,Travel,0.99,21,24.79,1.1804761904761905
Mannequin Worst,New,2.99,5,23.95,4.79
Doctor Grail,Children,2.99,7,23.95,3.4214285714285713
Cassidy Wyoming,Travel,2.99,6,23.94,3.99
Chaplin License,New,2.99,8,23.92,2.99
Clyde Theory,New,0.99,8,23.92,2.99
Birdcage Casper,Music,0.99,9,23.91,2.6566666666666667
Reef Salute,Horror,0.99,11,23.89,2.171818181818182
Jungle Closer,New,0.99,9,23.88,2.6533333333333333
Homeward Cider,Documentary,0.99,16,23.84,1.49
Holocaust Highball,Children,0.99,17,23.84,1.4023529411764706
Happiness United,Foreign,2.99,6,22.94,3.8233333333333337
Lesson Cleopatra,Sports,0.99,7,22.94,3.277142857142857
Extraordinary Conquerer,Classics,2.99,6,22.94,3.8233333333333337
Bang Kwai,Family,2.99,7,22.93,3.275714285714286
Newsies Story,Documentary,0.99,7,22.93,3.275714285714286
Shining Roses,Travel,0.99,8,22.92,2.865
Savannah Town,Drama,0.99,12,22.9,1.9083333333333332
Everyone Craft,Foreign,0.99,13,22.89,1.7607692307692309
Wrath Mile,Documentary,0.99,14,22.87,1.6335714285714287
Love Suicides,Horror,0.99,20,22.85,1.1425
Unforgiven Zoolander,Sci-Fi,0.99,18,22.84,1.268888888888889
Dracula Crystal,Classics,0.99,21,22.81,1.0861904761904762
Divorce Shining,Sports,2.99,7,21.95,3.1357142857142857
Phantom Glory,New,2.99,6,21.94,3.6566666666666667
Leathernecks Dwarfs,Travel,2.99,7,21.94,3.1342857142857143
Warlock Werewolf,Children,2.99,6,21.94,3.6566666666666667
Killer Innocent,Family,2.99,6,21.94,3.6566666666666667
Luck Opus,Drama,2.99,10,21.93,2.193
Mulholland Beast,Foreign,2.99,7,21.93,3.132857142857143
Arabia Dogma,Horror,0.99,13,21.88,1.683076923076923
Citizen Shrek,Sci-Fi,0.99,13,21.87,1.6823076923076923
Vietnam Smoochy,Drama,0.99,15,21.86,1.4573333333333334
Bull Shawshank,Action,0.99,16,21.84,1.365
Patient Sister,Classics,0.99,19,21.82,1.148421052631579
Duck Racer,Animation,2.99,6,20.95,3.4916666666666667
Music Boondock,Family,0.99,19,20.83,1.0963157894736841
Bride Intrigue,Action,0.99,19,20.82,1.0957894736842106
Jedi Beneath,Family,0.99,19,20.82,1.0957894736842106
Gathering Calendar,Games,0.99,11,19.9,1.8090909090909089
Monterey Labyrinth,Horror,0.99,13,19.89,1.53
Tenenbaums Command,Drama,0.99,13,19.88,1.5292307692307692
Sorority Queen,Foreign,0.99,12,19.88,1.6566666666666665
Hunger Roof,Foreign,0.99,13,19.88,1.5292307692307692
Odds Boogie,Family,0.99,15,19.87,1.3246666666666667
Tomatoes Hellfighters,Travel,0.99,14,19.86,1.4185714285714286
Simon North,Horror,0.99,6,18.94,3.1566666666666667
Menagerie Rushmore,Animation,2.99,7,18.94,2.705714285714286
Rushmore Mermaid,Comedy,2.99,6,18.94,3.1566666666666667
Impact Aladdin,Music,0.99,9,18.92,2.102222222222222
Spoilers Hellfighters,Documentary,0.99,10,18.91,1.891
Spirited Casualties,Sci-Fi,0.99,11,18.9,1.718181818181818
Language Cowboy,Children,0.99,11,18.9,1.718181818181818
Craft Outfield,Drama,0.99,16,18.86,1.17875
Polish Brooklyn,Children,0.99,18,18.85,1.0472222222222223
Ladybugs Armageddon,Games,0.99,6,17.94,2.99
License Weekend,Sci-Fi,2.99,7,17.94,2.562857142857143
Magic Mallrats,Children,0.99,7,17.93,2.5614285714285714
Holy Tadpole,Classics,0.99,9,17.92,1.9911111111111113
Mystic Truman,Comedy,0.99,10,17.92,1.7920000000000003
Gilbert Pelican,Classics,0.99,9,17.91,1.99
Ending Crowds,New,0.99,11,17.9,1.6272727272727272
Anonymous Human,Sports,0.99,13,17.87,1.3746153846153848
Streak Ridgemont,Documentary,0.99,16,17.87,1.116875
Hook Chariots,Animation,0.99,13,17.87,1.3746153846153848
Pride Alamo,Animation,0.99,16,17.85,1.115625
Smoking Barbarella,Documentary,0.99,18,17.84,0.991111111111111
Conspiracy Spirit,Classics,2.99,5,16.95,3.3899999999999997
Full Flatliners,Children,2.99,5,16.95,3.3899999999999997
Braveheart Human,Family,2.99,5,16.95,3.3899999999999997
Youth Kick,Music,0.99,6,16.94,2.8233333333333337
Superfly Trip,Travel,0.99,10,16.91,1.691
Frogmen Breaking,Travel,0.99,10,16.9,1.69
Beneath Rush,Children,0.99,10,16.9,1.69
Loverboy Attacks,New,0.99,12,16.89,1.4075
Mosquito Armageddon,Sports,0.99,15,16.89,1.1260000000000001
Beethoven Exorcist,Drama,0.99,11,16.89,1.5354545454545454
Gandhi Kwai,Family,0.99,17,16.87,0.9923529411764707
Siege Madre,Family,0.99,15,16.86,1.1239999999999999
Hardly Robbers,Documentary,2.99,4,15.96,3.99
Mixed Doors,Foreign,2.99,4,15.96,3.99
Mussolini Spoilers,Sports,2.99,5,15.95,3.19
Wild Apollo,New,0.99,6,15.94,2.6566666666666667
Lawrence Love,Action,0.99,13,15.87,1.2207692307692306
Silence Kane,Music,0.99,16,15.85,0.990625
Glory Tracy,Games,2.99,5,14.95,2.9899999999999998
Sling Luke,Classics,0.99,6,14.94,2.4899999999999998
Vanished Garden,New,0.99,7,14.94,2.1342857142857143
Runner Madigan,Music,0.99,8,14.92,1.865
Crow Grease,Action,0.99,12,14.89,1.2408333333333335
Smoochy Control,Sports,0.99,12,14.88,1.24
Sassy Packer,Games,0.99,13,14.88,1.1446153846153846
Bedazzled Married,Family,0.99,13,14.88,1.1446153846153846
Greedy Roots,Drama,0.99,14,14.87,1.062142857142857
Spirit Flintstones,Horror,0.99,15,14.86,0.9906666666666666
Dumbo Lust,Family,0.99,6,13.94,2.3233333333333333
Watership Frontier,Horror,0.99,6,13.94,2.3233333333333333
Kane Exorcist,Foreign,0.99,14,13.88,0.9914285714285714
Hollywood Anonymous,Children,0.99,13,13.87,1.0669230769230769
Hawk Chill,Documentary,0.99,7,12.94,1.8485714285714285
Legend Jedi,Music,0.99,9,12.92,1.4355555555555555
Victory Academy,Sports,0.99,9,12.91,1.4344444444444444
Notting Speakeasy,Drama,0.99,10,12.91,1.291
Valentine Vanishing,Travel,0.99,12,12.9,1.075
Vision Torque,Foreign,0.99,7,11.94,1.7057142857142857
Runaway Tenenbaums,New,0.99,8,11.93,1.49125
Sunset Racer,Family,0.99,8,11.93,1.49125
Soup Wisdom,Family,0.99,8,11.93,1.49125
Montezuma Command,Action,0.99,9,11.91,1.3233333333333333
Clockwork Paradise,Children,0.99,10,11.9,1.19
Maude Mod,Foreign,0.99,8,10.93,1.36625
Zhivago Core,Horror,0.99,9,10.93,1.2144444444444444
Jawbreaker Brooklyn,Music,0.99,10,10.91,1.091
Towers Hurricane,Classics,0.99,11,10.91,0.9918181818181818
Comancheros Enemy,Children,0.99,6,9.94,1.6566666666666665
Ballroom Mockingbird,Foreign,0.99,8,9.93,1.24125
Connection Microcosmos,Comedy,0.99,7,8.95,1.2785714285714285
Ghostbusters Elf,Animation,0.99,9,8.93,0.9922222222222222
Harold French,Drama,0.99,8,8.93,1.11625
Stallion Sundance,Sci-Fi,0.99,7,7.94,1.1342857142857143
Japanese Run,Horror,0.99,6,7.94,1.3233333333333335
Lights Deer,Classics,0.99,8,7.93,0.99125
Cruelty Unforgiven,Classics,0.99,7,6.94,0.9914285714285714
Treatment Jekyll,Drama,0.99,7,6.94,0.9914285714285714
Young Language,Documentary,0.99,7,6.93,0.99
Rebel Airport,Music,0.99,8,6.93,0.86625
Freedom Cleopatra,Comedy,0.99,5,5.95,1.19
Duffel Apocalypse,Documentary,0.99,7,5.94,0.8485714285714286
Texas Watch,Horror,0.99,6,5.94,0.9900000000000001
Oklahoma Jumanji,New,0.99,6,5.94,0.9900000000000001
Alice Fantasia,Classics,0.99,0,0.0,0.0
Crystal Breaking,Foreign,2.99,0,0.0,0.0
Treasure Command,Horror,0.99,0,0.0,0.0
Gump Date,Travel,4.99,0,0.0,0.0
Crowds Telemark,Sci-Fi,4.99,0,0.0,0.0
Crossing Divorce,Foreign,4.99,0,0.0,0.0
Kill Brotherhood,Documentary,0.99,0,0.0,0.0
Kentuckian Giant,Horror,2.99,0,0.0,0.0
Roof Champion,Games,0.99,0,0.0,0.0
Firehouse Vietnam,Action,0.99,0,0.0,0.0
Butch Panther,New,0.99,0,0.0,0.0
Villain Desperate,Documentary,4.99,0,0.0,0.0
Hate Handicap,Comedy,0.99,0,0.0,0.0
Order Betrayed,Travel,2.99,0,0.0,0.0
Dazed Punk,Games,4.99,0,0.0,0.0
Volume House,Classics,4.99,0,0.0,0.0
Floats Garden,Animation,2.99,0,0.0,0.0
Deliverance Mulholland,Documentary,0.99,0,0.0,0.0
Muppet Mile,Foreign,4.99,0,0.0,0.0
Wake Jaws,New,4.99,0,0.0,0.0
Walls Artist,Children,4.99,0,0.0,0.0
Arsenic Independence,Travel,0.99,0,0.0,0.0
Tadpole Park,Classics,2.99,0,0.0,0.0
Ark Ridgemont,Action,0.99,0,0.0,0.0
Commandments Express,Horror,4.99,0,0.0,0.0
Argonauts Town,Animation,0.99,0,0.0,0.0
Sister Freddy,Children,4.99,0,0.0,0.0
Apollo Teen,Drama,2.99,0,0.0,0.0
Sky Miracle,Action,2.99,0,0.0,0.0
Suicides Silence,Sci-Fi,4.99,0,0.0,0.0
Catch Amistad,Foreign,0.99,0,0.0,0.0
Hocus Frida,Family,2.99,0,0.0,0.0
Frankenstein Stranger,Comedy,0.99,0,0.0,0.0
Rainbow Shock,Documentary,4.99,0,0.0,0.0
Raiders Antitrust,Documentary,0.99,0,0.0,0.0
Pearl Destiny,Foreign,2.99,0,0.0,0.0
Perdition Fargo,Sports,4.99,0,0.0,0.0
Gladiator Westward,Family,4.99,0,0.0,0.0
Chinatown Gladiator,New,4.99,0,0.0,0.0
Boondock Ballroom,Travel,0.99,0,0.0,0.0
Psycho Shrunk,Games,2.99,0,0.0,0.0
Chocolate Duck,Foreign,2.99,0,0.0,0.0
